fighter_url,fighter_name,fighter_height_cm,fighter_reach_cm,fighter_weight_lbs,fighter_stance,fighter_dob
http://ufcstats.com/fighter-details/001eb2ab0f30e7ea,Mark Choinski,172.72,175.26,155.0,Orthodox,1995-10-22
http://ufcstats.com/fighter-details/002ca196477ce572,Gabriel Silva,167.64,180.34,135.0,Orthodox,1994-08-26
http://ufcstats.com/fighter-details/003d82fa384ca1d0,Aalon Cruz,182.88,198.12,145.0,Switch,1989-09-20
http://ufcstats.com/fighter-details/0052de90691d4a93,Davi Ramos,167.64,177.8,155.0,Orthodox,1986-11-05
http://ufcstats.com/fighter-details/008dc37cca279def,Sean McCorkle,200.66,205.74,265.0,Orthodox,1976-07-17
http://ufcstats.com/fighter-details/008ea710276c9606,Jeff Molina,167.64,175.26,125.0,Orthodox,1997-07-17
http://ufcstats.com/fighter-details/009341ed974bad72,Jiri Prochazka,190.5,203.2,205.0,Orthodox,1992-10-14
http://ufcstats.com/fighter-details/009c4420727149ea,AJ Dobson,185.42,193.04,185.0,Orthodox,1992-01-18
http://ufcstats.com/fighter-details/00a3ff40c4b2cf21,Glaico Franca Moreira,182.88,195.58,155.0,Orthodox,1991-02-28
http://ufcstats.com/fighter-details/00debc804e2b1cd4,Dylan Andrews,185.42,187.96,185.0,Switch,1979-11-15
http://ufcstats.com/fighter-details/00e11b5c8b7bfeeb,Luke Rockhold,190.5,195.58,185.0,Southpaw,1984-10-17
http://ufcstats.com/fighter-details/010986ee359fb863,John Salter,185.42,187.96,185.0,Southpaw,1985-03-21
http://ufcstats.com/fighter-details/0112352cb32f5026,Denis Tiuliulin,185.42,195.58,185.0,Orthodox,1988-05-17
http://ufcstats.com/fighter-details/013da757877044a2,Joe Brammer,172.72,,155.0,Orthodox,1983-08-23
http://ufcstats.com/fighter-details/01641ba5df0c69b0,Gabriel Bonfim,185.42,182.88,170.0,Orthodox,1997-08-20
http://ufcstats.com/fighter-details/016a8d958883167c,Gina Mazany,167.64,172.72,125.0,Southpaw,1988-08-19
http://ufcstats.com/fighter-details/01784fbc27c68b14,Rachael Ostovich,160.02,157.48,125.0,Orthodox,1991-02-25
http://ufcstats.com/fighter-details/01afe0916a40c7c5,Shavkat Rakhmonov,185.42,195.58,170.0,Orthodox,1994-10-23
http://ufcstats.com/fighter-details/01b352b6a9074d5c,Chase Sherman,193.04,198.12,250.0,Orthodox,1989-11-16
http://ufcstats.com/fighter-details/01b39decaf0abf6a,Benji Radach,177.8,,185.0,Orthodox,1979-04-05
http://ufcstats.com/fighter-details/01c9e4013afce141,Michael Aswell Jr.,172.72,175.26,145.0,Orthodox,2000-09-27
http://ufcstats.com/fighter-details/01d2ed8c502e3828,Caros Fodor,175.26,187.96,155.0,Orthodox,1984-01-07
http://ufcstats.com/fighter-details/01daf32100ed7517,Koji Oishi,172.72,,170.0,Orthodox,1977-05-31
http://ufcstats.com/fighter-details/01f022fa494188e2,Josh Bryant,177.8,,185.0,Orthodox,1980-04-23
http://ufcstats.com/fighter-details/01fcef7e3d051722,Henry Briones,172.72,175.26,135.0,Orthodox,1980-10-22
http://ufcstats.com/fighter-details/01fed6f61ebea01f,Jay Perrin,170.18,170.18,135.0,Switch,1993-06-15
http://ufcstats.com/fighter-details/0232cabbc30a2372,Adrian Yanez,170.18,177.8,135.0,Orthodox,1993-11-29
http://ufcstats.com/fighter-details/02500fb9fd79a974,Jason Reinhardt,167.64,,135.0,Orthodox,1969-10-31
http://ufcstats.com/fighter-details/025c1ee70b2cedf4,Vlasto Cepo,182.88,185.42,185.0,Orthodox,1995-01-25
http://ufcstats.com/fighter-details/025f0b1b58fbad01,Darko Stosic,182.88,193.04,205.0,Orthodox,1992-02-09
http://ufcstats.com/fighter-details/029880cdbf5ca089,Sean Sherk,167.64,170.18,155.0,Orthodox,1973-08-05
http://ufcstats.com/fighter-details/029afd138865d20a,Rafael Alves,172.72,172.72,155.0,Orthodox,1990-11-14
http://ufcstats.com/fighter-details/029e1293e609fd74,Abubakar Nurmagomedov,180.34,182.88,170.0,Orthodox,1989-11-13
http://ufcstats.com/fighter-details/029eaff01e6bb8f0,Dustin Poirier,175.26,182.88,155.0,Southpaw,1989-01-19
http://ufcstats.com/fighter-details/02bb48869eb7ac8f,Rayanne dos Santos,157.48,157.48,115.0,Orthodox,1995-06-08
http://ufcstats.com/fighter-details/02d276b7d62b3472,Rudyard Moncayo,177.8,,195.0,Orthodox,1973-05-17
http://ufcstats.com/fighter-details/02e52b3a595f0786,Kevin Jordan,190.5,,245.0,Orthodox,1970-12-31
http://ufcstats.com/fighter-details/02f2a9702ba3d167,Artem Lobov,175.26,165.1,145.0,Southpaw,1986-08-11
http://ufcstats.com/fighter-details/02f484417a6fa69d,Uran Satybaldiev,193.04,200.66,205.0,Orthodox,1994-08-10
http://ufcstats.com/fighter-details/02f8fedc18cbd26c,Emily Ducote,157.48,160.02,115.0,Orthodox,1994-01-01
http://ufcstats.com/fighter-details/02fc8f50f56eb307,Trent Jenkins,187.96,,185.0,,
http://ufcstats.com/fighter-details/030f08370fd1c2bb,Kerry Schall,187.96,,265.0,Orthodox,1971-08-09
http://ufcstats.com/fighter-details/032cc3922d871c7f,Khabib Nurmagomedov,177.8,177.8,155.0,Orthodox,1988-09-20
http://ufcstats.com/fighter-details/0359313549d230a1,Pete Sell,180.34,190.5,170.0,Orthodox,1982-08-05
http://ufcstats.com/fighter-details/03688dc3c3af3ac1,Bas Rutten,185.42,,205.0,Orthodox,1965-02-24
http://ufcstats.com/fighter-details/036e96c1c12b8a59,Nick Fiore,177.8,182.88,155.0,Orthodox,1997-12-10
http://ufcstats.com/fighter-details/037cfd34a27d59e9,Michael Oliveira,185.42,198.12,170.0,Orthodox,1998-01-21
http://ufcstats.com/fighter-details/03c9994c5b8958ec,John Cholish,180.34,187.96,155.0,Orthodox,1983-12-17
http://ufcstats.com/fighter-details/03dee485905dbc9f,Zachary Scroggin,190.5,187.96,170.0,Orthodox,1996-03-09
http://ufcstats.com/fighter-details/03f982ca3735070c,Walt Harris,195.58,195.58,250.0,Southpaw,1983-06-10
http://ufcstats.com/fighter-details/040426baba8a45e8,Nate Schroeder,185.42,,230.0,,1973-06-02
http://ufcstats.com/fighter-details/040a74bb0a465c54,Arnold Allen,172.72,177.8,145.0,Southpaw,1994-01-22
http://ufcstats.com/fighter-details/045f25b3a4c08e81,Jack Marshman,182.88,185.42,185.0,Orthodox,1989-12-19
http://ufcstats.com/fighter-details/04643fd03d9159cc,Marcus Aurelio,177.8,187.96,155.0,Orthodox,1973-08-18
http://ufcstats.com/fighter-details/047a91d3d9c79b05,Collin Anglin,175.26,180.34,145.0,Orthodox,1993-02-20
http://ufcstats.com/fighter-details/04835018f90b118c,Casey O'Neill,167.64,175.26,125.0,Orthodox,1997-10-07
http://ufcstats.com/fighter-details/049d698d773eb3e1,Matt Horwich,185.42,,185.0,Orthodox,1978-10-02
http://ufcstats.com/fighter-details/04b39f4e8eb59d7c,Oluwale Bamgbose,180.34,198.12,185.0,Switch,1987-08-04
http://ufcstats.com/fighter-details/04c15b52c3cc1cab,Nate Mohr,175.26,182.88,155.0,Orthodox,1983-03-03
http://ufcstats.com/fighter-details/04c8b08b16a5b99e,Tanner Boser,187.96,190.5,205.0,Orthodox,1991-08-02
http://ufcstats.com/fighter-details/04d5718ed2661e8c,Jorge Gurgel,170.18,175.26,155.0,Orthodox,1977-01-25
http://ufcstats.com/fighter-details/04f9fe830cf13482,Gerald Strebendt,175.26,,155.0,Orthodox,1979-03-01
http://ufcstats.com/fighter-details/04ff3a711504d6b3,Magomed Zaynukov,177.8,172.72,155.0,Orthodox,1995-01-02
http://ufcstats.com/fighter-details/052ceb8976695342,Chase Gormley,190.5,,265.0,Orthodox,1983-08-11
http://ufcstats.com/fighter-details/05339613bf8e9808,Rob Font,172.72,180.34,135.0,Orthodox,1987-06-25
http://ufcstats.com/fighter-details/0541480fbf719d86,Houston Alexander,182.88,182.88,205.0,Orthodox,1972-03-22
http://ufcstats.com/fighter-details/054defd5420a551f,Rob Kimmons,177.8,185.42,185.0,Orthodox,1981-01-30
http://ufcstats.com/fighter-details/05560764359161e4,Constantinos Philippou,180.34,185.42,185.0,Orthodox,1979-11-29
http://ufcstats.com/fighter-details/056c493bbd76a918,Henry Cejudo,162.56,162.56,135.0,Orthodox,1987-02-09
http://ufcstats.com/fighter-details/0577808d22dfe79c,Jon Olav Einemo,198.12,,253.0,Orthodox,1975-12-10
http://ufcstats.com/fighter-details/05866d8c3a321856,Marvin Eastman,175.26,185.42,185.0,Orthodox,1971-06-08
http://ufcstats.com/fighter-details/058e4e08a1ad8aba,Dale Hartt,177.8,175.26,155.0,Orthodox,1979-04-04
http://ufcstats.com/fighter-details/0597a4528ebd1307,Chris Price,187.96,,185.0,Southpaw,1982-11-09
http://ufcstats.com/fighter-details/05b43e0ead3df345,Kailin Curran,162.56,165.1,115.0,Orthodox,1991-04-11
http://ufcstats.com/fighter-details/05fa626cb33d15b8,Andrea Lee,167.64,175.26,125.0,Orthodox,1989-02-11
http://ufcstats.com/fighter-details/0641c21bec209472,Mike Jackson,187.96,187.96,170.0,Orthodox,1985-03-22
http://ufcstats.com/fighter-details/064b7dc68d786254,Cain Carrizosa,172.72,,155.0,Orthodox,1986-07-22
http://ufcstats.com/fighter-details/065eb44700e641a4,Devin Powell,182.88,185.42,155.0,Orthodox,1988-03-01
http://ufcstats.com/fighter-details/06626b6287e1ae1e,Chris Padilla,175.26,187.96,155.0,Orthodox,1995-09-14
http://ufcstats.com/fighter-details/06734ca9d88dec3a,Shara Magomedov,187.96,185.42,185.0,Orthodox,1994-05-16
http://ufcstats.com/fighter-details/06827d70c53ff0d9,Scott Askham,190.5,190.5,185.0,Southpaw,1988-05-20
http://ufcstats.com/fighter-details/068f8a189a47fea6,Maurice Greene,200.66,203.2,258.0,Orthodox,1986-07-05
http://ufcstats.com/fighter-details/06a80a685ea98573,Irwin Rivera,167.64,170.18,135.0,Southpaw,1989-02-14
http://ufcstats.com/fighter-details/06e4245d16fc5315,Ailin Perez,165.1,167.64,135.0,Switch,1994-10-05
http://ufcstats.com/fighter-details/06f0ffa6446c5b6d,Branden Lee Hinkle,190.5,,235.0,Orthodox,1973-07-29
http://ufcstats.com/fighter-details/06f36cf4bd97ec77,Ed Herman,185.42,195.58,205.0,Orthodox,1980-10-02
http://ufcstats.com/fighter-details/07047eb7d17fb0a2,Daria Zhelezniakova,175.26,172.72,135.0,Orthodox,1996-01-23
http://ufcstats.com/fighter-details/07225ba28ae309b6,Charles Oliveira,177.8,187.96,155.0,Orthodox,1989-10-17
http://ufcstats.com/fighter-details/072a10e85f7d4bff,Milana Dudieva,160.02,,135.0,Orthodox,1989-08-04
http://ufcstats.com/fighter-details/0749d968e932df53,Tarec Saffiedine,177.8,177.8,170.0,Switch,1986-09-06
http://ufcstats.com/fighter-details/0778f94eb5d588a5,Joey Gomez,177.8,185.42,135.0,Orthodox,1986-07-21
http://ufcstats.com/fighter-details/07797f10b9569cfc,Angel Pacheco,172.72,177.8,135.0,Orthodox,1992-01-13
http://ufcstats.com/fighter-details/077e3ace32b72be9,CJ Vergara,167.64,172.72,125.0,Orthodox,1991-06-18
http://ufcstats.com/fighter-details/078695e385ec2f57,Victor Valenzuela,175.26,180.34,170.0,Orthodox,1994-02-09
http://ufcstats.com/fighter-details/07a18ae55dfc3cd9,Paul Varelans,203.2,,300.0,Orthodox,1969-09-17
http://ufcstats.com/fighter-details/07a2bdaa0afdd831,Rogerio Bontorin,165.1,170.18,125.0,Orthodox,1992-04-25
http://ufcstats.com/fighter-details/07a74004d964c7f4,Billy Elekana,190.5,195.58,205.0,Southpaw,1995-05-28
http://ufcstats.com/fighter-details/07bc580bdf3eb9c8,Lance Gibson Jr.,175.26,182.88,155.0,Switch,1995-02-02
http://ufcstats.com/fighter-details/07f72a2a7591b409,Jon Jones,193.04,213.36,248.0,Orthodox,1987-07-19
http://ufcstats.com/fighter-details/07f959e6596307bb,Carlos Vera,167.64,175.26,135.0,Orthodox,1987-11-05
http://ufcstats.com/fighter-details/082eba4cd80f736f,Jarno Errens,180.34,185.42,145.0,Orthodox,1994-11-17
http://ufcstats.com/fighter-details/084532da3d25f3b8,Cezary Oleksiejczuk,190.5,190.5,185.0,Southpaw,2000-01-06
http://ufcstats.com/fighter-details/0845c81e37d3bcb3,Volkan Oezdemir,187.96,190.5,205.0,Orthodox,1989-09-19
http://ufcstats.com/fighter-details/0859524157a19045,Ty Miller,187.96,195.58,170.0,Orthodox,2000-06-04
http://ufcstats.com/fighter-details/0871254cd790c250,Tommy Hayden,175.26,,145.0,Southpaw,1986-03-11
http://ufcstats.com/fighter-details/0876d21328cf4a45,Dave Galera,180.34,,135.0,Orthodox,1978-01-12
http://ufcstats.com/fighter-details/08a7080ff5904661,Rafael Carino,203.2,,245.0,Orthodox,
http://ufcstats.com/fighter-details/08ae5cd9aef7ddd3,Kimo Leopoldo,190.5,,235.0,Orthodox,1968-01-05
http://ufcstats.com/fighter-details/08af939f41b5a57b,Beneil Dariush,177.8,182.88,155.0,Southpaw,1989-05-06
http://ufcstats.com/fighter-details/08e908ed6d18d6a0,Myles Jury,177.8,185.42,145.0,Orthodox,1988-10-31
http://ufcstats.com/fighter-details/093e1f5bb73850be,Anthony Hernandez,182.88,190.5,185.0,Orthodox,1993-10-18
http://ufcstats.com/fighter-details/0941df56f6ac954b,Johny Hendricks,175.26,175.26,185.0,Southpaw,1983-09-12
http://ufcstats.com/fighter-details/095854a135e6db55,Marcus Buchecha,187.96,195.58,255.0,Orthodox,1990-01-08
http://ufcstats.com/fighter-details/0978385b2bd9ef9b,Nick Aguirre,175.26,187.96,135.0,Southpaw,1996-01-15
http://ufcstats.com/fighter-details/09a4447655fd4b7b,Rafael Cerqueira,190.5,193.04,205.0,Southpaw,1990-03-15
http://ufcstats.com/fighter-details/09c44b317c98bf96,David Velasquez,165.1,,145.0,Orthodox,1966-10-19
http://ufcstats.com/fighter-details/09e62c450e754913,Jimmy Flick,170.18,172.72,125.0,Orthodox,1990-09-07
http://ufcstats.com/fighter-details/09f579be4520394a,Diego Rivas,172.72,175.26,145.0,Orthodox,1991-11-11
http://ufcstats.com/fighter-details/0a1942069c9ad6b6,Jack Hermansson,185.42,195.58,170.0,Orthodox,1988-06-10
http://ufcstats.com/fighter-details/0a73acff6325c1e2,Shayilan Nuerdanbieke,172.72,175.26,145.0,Orthodox,1994-05-04
http://ufcstats.com/fighter-details/0a95c474e61a6c44,Adam Yandiev,175.26,187.96,185.0,Orthodox,1988-08-07
http://ufcstats.com/fighter-details/0a97691039c4bbfb,Mark Hominick,172.72,172.72,145.0,Orthodox,1982-07-22
http://ufcstats.com/fighter-details/0aa92558424ced9e,Randy Couture,185.42,190.5,205.0,Orthodox,1963-06-22
http://ufcstats.com/fighter-details/0abcf6bc47191219,Bruno Lopes,187.96,187.96,205.0,Orthodox,1993-04-24
http://ufcstats.com/fighter-details/0b31f87be71ebbb1,Ben Askren,180.34,185.42,170.0,Orthodox,1984-07-18
http://ufcstats.com/fighter-details/0b362247806341e5,JP Buys,165.1,170.18,135.0,Orthodox,1996-04-30
http://ufcstats.com/fighter-details/0b5b6876c2a4723f,Steve Steinbeiss,190.5,190.5,185.0,Orthodox,1981-05-05
http://ufcstats.com/fighter-details/0b64d0fed453ef7f,Scott Jorgensen,165.1,167.64,135.0,Orthodox,1982-09-17
http://ufcstats.com/fighter-details/0b8d512c79b4baf3,Matt Bessette,177.8,177.8,145.0,Orthodox,1984-12-28
http://ufcstats.com/fighter-details/0bc697c5936a2d0a,Trevor Peek,175.26,177.8,145.0,Switch,1995-01-09
http://ufcstats.com/fighter-details/0bc7e61d204f2137,Fabiano Scherner,190.5,,257.0,Orthodox,1972-06-30
http://ufcstats.com/fighter-details/0bcfe2513cb3bc39,Tom DeBlass,182.88,,185.0,Orthodox,1982-05-14
http://ufcstats.com/fighter-details/0be6776db31d98ec,Mitch Raposo,165.1,162.56,125.0,Switch,1998-10-16
http://ufcstats.com/fighter-details/0c258d1d8e16e5f1,Kevin Natividad,167.64,177.8,135.0,Orthodox,1993-04-02
http://ufcstats.com/fighter-details/0c25d0a5e8cdbf19,Lukasz Brzeski,190.5,198.12,236.0,Orthodox,1992-05-17
http://ufcstats.com/fighter-details/0c5c66ddd1886b83,Caio Magalhaes,185.42,185.42,185.0,Orthodox,1987-12-14
http://ufcstats.com/fighter-details/0c670b443c3d269f,Jim Wallhead,177.8,,170.0,Orthodox,1984-03-14
http://ufcstats.com/fighter-details/0c6d9ea8306c029e,Brad Tavares,185.42,187.96,185.0,Orthodox,1987-12-21
http://ufcstats.com/fighter-details/0c9c0a43d3f3f49d,Marcelo Guimaraes,182.88,185.42,185.0,Orthodox,1983-06-25
http://ufcstats.com/fighter-details/0ccab7c889ede9ea,Fredy Serrano,160.02,165.1,125.0,Orthodox,1979-09-22
http://ufcstats.com/fighter-details/0cd0456d6029cec2,Robert Valentin,187.96,195.58,185.0,Orthodox,1995-03-31
http://ufcstats.com/fighter-details/0cf935519d439ba6,Enson Inoue,177.8,,210.0,Orthodox,1967-04-15
http://ufcstats.com/fighter-details/0d0351c20169a499,Jon Delos Reyes,167.64,170.18,125.0,Orthodox,1987-08-19
http://ufcstats.com/fighter-details/0d1c163b206e8c5f,Rocky Lee,175.26,,145.0,Orthodox,1987-04-08
http://ufcstats.com/fighter-details/0d506315895efffc,Sean Pierson,182.88,193.04,170.0,Southpaw,1976-03-10
http://ufcstats.com/fighter-details/0d5cc0170c1a7e71,Mick Parkin,193.04,200.66,265.0,Orthodox,1995-10-02
http://ufcstats.com/fighter-details/0d62719b1dcf7c40,Sheymon Moraes,172.72,182.88,145.0,Orthodox,1990-10-11
http://ufcstats.com/fighter-details/0d65c432720accb9,Michal Oleksiejczuk,182.88,187.96,185.0,Southpaw,1995-02-22
http://ufcstats.com/fighter-details/0d7b51c9d2649a6e,Dricus Du Plessis,185.42,193.04,185.0,Switch,1994-01-14
http://ufcstats.com/fighter-details/0d8011111be000b2,Sean Strickland,185.42,193.04,185.0,Orthodox,1991-02-27
http://ufcstats.com/fighter-details/0d980975001ae3d8,Shamil Gamzatov,187.96,193.04,205.0,Orthodox,1990-08-09
http://ufcstats.com/fighter-details/0db70ca89e1c7374,Dieusel Berto,175.26,,200.0,,
http://ufcstats.com/fighter-details/0dba4df5f34d5ff0,Rafael Natal,182.88,195.58,185.0,Orthodox,1982-12-25
http://ufcstats.com/fighter-details/0de720c0f1d4ab9c,Danny Chavez,172.72,170.18,145.0,Orthodox,1987-03-14
http://ufcstats.com/fighter-details/0e041d43a47d2e4b,Matt Lindland,182.88,187.96,185.0,Southpaw,1970-05-17
http://ufcstats.com/fighter-details/0e21976afc92e4d1,Magnus Cedenblad,195.58,200.66,185.0,Orthodox,1982-04-10
http://ufcstats.com/fighter-details/0e31bfd26cc8c503,Chris Liguori,175.26,,185.0,Orthodox,
http://ufcstats.com/fighter-details/0e46690e55a8df75,Timmy Cuamba,175.26,180.34,135.0,Orthodox,1999-02-08
http://ufcstats.com/fighter-details/0e5c4e72237461bb,Bruno Souza,177.8,177.8,145.0,Orthodox,1996-03-07
http://ufcstats.com/fighter-details/0e6b611451a9a7d8,Mark Vologdin,160.02,165.1,135.0,Orthodox,2000-04-18
http://ufcstats.com/fighter-details/0e6bc8d1d6c0ad90,Abdul Hussein,170.18,170.18,135.0,Orthodox,1997-08-02
http://ufcstats.com/fighter-details/0e9869d712e81f8f,Sam Adkins,190.5,,225.0,Orthodox,1965-04-26
http://ufcstats.com/fighter-details/0ec821423baa26bd,Scott Fiedler,193.04,,235.0,Orthodox,
http://ufcstats.com/fighter-details/0ee783aa00e468f0,Vitor Belfort,182.88,187.96,185.0,Southpaw,1977-04-01
http://ufcstats.com/fighter-details/0f1efce7d2571d10,Nikolay Veretennikov,185.42,187.96,170.0,Orthodox,1989-12-22
http://ufcstats.com/fighter-details/0f3a990526c5e706,Sean Sharaf,190.5,195.58,252.0,Orthodox,1993-07-11
http://ufcstats.com/fighter-details/0f6528b461e47462,Joao Roque,167.64,,155.0,Orthodox,1971-07-22
http://ufcstats.com/fighter-details/0fb1e2694a39a02f,Yuri Villefort,182.88,185.42,170.0,Orthodox,1991-03-23
http://ufcstats.com/fighter-details/0fd5f4b838e890cc,Said Nurmagomedov,172.72,177.8,135.0,Orthodox,1992-04-05
http://ufcstats.com/fighter-details/0ff11cc094e887bc,Cain Velasquez,185.42,195.58,240.0,Orthodox,1982-07-28
http://ufcstats.com/fighter-details/102a8fdf8cbf7467,Kleydson Rodrigues,165.1,170.18,135.0,Orthodox,1995-10-22
http://ufcstats.com/fighter-details/103b06d8707895a9,Emil Meek,180.34,187.96,170.0,Switch,1988-08-20
http://ufcstats.com/fighter-details/103e2e33a60683e1,Irina Alekseeva,172.72,170.18,135.0,Orthodox,1990-06-27
http://ufcstats.com/fighter-details/10559c53de0b950e,Joey Gambino,170.18,,145.0,Orthodox,1988-10-26
http://ufcstats.com/fighter-details/10657c60ce349e0f,Shunichi Shimizu,165.1,,135.0,Orthodox,1985-01-31
http://ufcstats.com/fighter-details/108afe61a26bcbf4,Igor Zinoviev,185.42,,199.0,Orthodox,1966-05-23
http://ufcstats.com/fighter-details/1091d4d957141094,Nikita Krylov,190.5,195.58,205.0,Orthodox,1992-03-07
http://ufcstats.com/fighter-details/10f3ba6cd2f44a97,Dominick Cruz,172.72,172.72,135.0,Orthodox,1985-03-09
http://ufcstats.com/fighter-details/113df4fde64735c6,Davey Grant,172.72,175.26,135.0,Orthodox,1985-12-18
http://ufcstats.com/fighter-details/11583163f45c7b31,Lucas Alexander,180.34,185.42,145.0,Orthodox,1995-07-28
http://ufcstats.com/fighter-details/117a06469813e4ef,ChangHo Lee,172.72,175.26,135.0,Orthodox,1994-05-09
http://ufcstats.com/fighter-details/11f8860028b68fcf,Aaron Rosa,193.04,195.58,205.0,Orthodox,1983-05-28
http://ufcstats.com/fighter-details/1208ffc5be6e31ad,Samy Schiavo,172.72,,155.0,Orthodox,1975-12-24
http://ufcstats.com/fighter-details/1209b5134401ca53,Mario Neto,182.88,,229.0,Orthodox,
http://ufcstats.com/fighter-details/122ac9b816d8b71c,Shana Dobson,167.64,175.26,125.0,Orthodox,1989-03-30
http://ufcstats.com/fighter-details/1235b31de15d0c6e,Montserrat Conejo Ruiz,152.4,154.94,115.0,Southpaw,1993-02-03
http://ufcstats.com/fighter-details/12458872d6afae1b,Vernon White,182.88,,205.0,Southpaw,1971-12-03
http://ufcstats.com/fighter-details/12585614e0ed2626,Nick Maximov,182.88,193.04,185.0,Southpaw,1997-12-23
http://ufcstats.com/fighter-details/1291edf2d566a71a,Julio Arce,170.18,177.8,145.0,Southpaw,1989-10-27
http://ufcstats.com/fighter-details/129537073431e52e,Garett Whiteley,182.88,182.88,155.0,Orthodox,1980-12-13
http://ufcstats.com/fighter-details/12e0fdc606f7e274,Luis Saldana,180.34,185.42,145.0,Orthodox,1991-01-27
http://ufcstats.com/fighter-details/12ebd7d157e91701,Bruno Silva,182.88,187.96,185.0,Orthodox,1989-07-13
http://ufcstats.com/fighter-details/12f1b140e248bdb9,Jerrod Sanders,172.72,182.88,135.0,Orthodox,1979-10-01
http://ufcstats.com/fighter-details/12f91bfa8f1f723b,Joanne Wood,167.64,165.1,125.0,Orthodox,1985-12-23
http://ufcstats.com/fighter-details/132505067f08c54d,Bubba Bush,182.88,,185.0,Orthodox,1985-07-24
http://ufcstats.com/fighter-details/132deb59abae64b1,Valentina Shevchenko,165.1,167.64,125.0,Southpaw,1988-03-07
http://ufcstats.com/fighter-details/132f860d02953f4c,Goran Reljic,190.5,205.74,205.0,Southpaw,1984-03-20
http://ufcstats.com/fighter-details/1338e2c7480bdf9e,Israel Adesanya,193.04,203.2,185.0,Switch,1989-07-22
http://ufcstats.com/fighter-details/135d124172a0bea3,Damir Ismagulov,177.8,187.96,155.0,Orthodox,1991-02-03
http://ufcstats.com/fighter-details/13a0275fa13c4d26,Jared Cannonier,180.34,195.58,185.0,Switch,1984-03-16
http://ufcstats.com/fighter-details/13b2f59210dda9cc,Kevin Jackson,177.8,,199.0,Switch,1964-11-25
http://ufcstats.com/fighter-details/13c4313ed0f744f3,Brad Kohler,175.26,,220.0,Orthodox,1964-05-26
http://ufcstats.com/fighter-details/13e62d766b709aa6,Steve Nelmark,182.88,,240.0,Orthodox,
http://ufcstats.com/fighter-details/140567899d98978a,Robelis Despaigne,200.66,213.36,265.0,Orthodox,1988-09-09
http://ufcstats.com/fighter-details/140745cbbcb023ac,Mauricio Rua,185.42,193.04,205.0,Orthodox,1981-11-25
http://ufcstats.com/fighter-details/1411c630ba711b64,Tommy Speer,177.8,180.34,170.0,Orthodox,1984-08-20
http://ufcstats.com/fighter-details/147e70aa6cc48cfc,Tresean Gore,182.88,190.5,185.0,Switch,1994-06-21
http://ufcstats.com/fighter-details/148bb103cfbf123e,Toshiomi Kazama,170.18,175.26,135.0,Orthodox,1997-05-15
http://ufcstats.com/fighter-details/1497e735d9f2560a,Ange Loosa,177.8,187.96,170.0,Orthodox,1993-03-18
http://ufcstats.com/fighter-details/14aa21bc82cac57d,Iliarde Santos,165.1,170.18,125.0,Orthodox,1980-09-25
http://ufcstats.com/fighter-details/14ff46596ad80609,Norman Parke,180.34,177.8,155.0,Southpaw,1986-12-22
http://ufcstats.com/fighter-details/150ff4cc642270b9,Max Holloway,180.34,175.26,155.0,Orthodox,1991-12-04
http://ufcstats.com/fighter-details/1536a25e16fc299b,Anna Elmose,160.02,,115.0,Orthodox,1984-10-06
http://ufcstats.com/fighter-details/155bfc7ed36622df,Solomon Hutcherson,180.34,,185.0,Southpaw,1972-08-31
http://ufcstats.com/fighter-details/1562b12763cc8d67,Alex Andrade,180.34,,200.0,Orthodox,1974-05-14
http://ufcstats.com/fighter-details/1588b787bda7b540,Tom Breese,190.5,185.42,185.0,Southpaw,1991-09-26
http://ufcstats.com/fighter-details/159da492e000afbf,Leandro Silva,175.26,182.88,155.0,Orthodox,1985-11-11
http://ufcstats.com/fighter-details/15b1b21cd743d652,Rafaello Oliveira,172.72,180.34,155.0,Orthodox,1982-01-26
http://ufcstats.com/fighter-details/15df64c02b6b0fde,Danny Abbadi,180.34,,155.0,Orthodox,1983-07-03
http://ufcstats.com/fighter-details/15ea371202eb25e1,Roberto Romero,172.72,177.8,145.0,Orthodox,2000-01-30
http://ufcstats.com/fighter-details/15ec018d144710db,Nathan Coy,177.8,175.26,170.0,Southpaw,1978-07-24
http://ufcstats.com/fighter-details/15edcf67ccf5be84,Brian Geraghty,170.18,,155.0,Orthodox,1980-11-04
http://ufcstats.com/fighter-details/1641ef250e9de19b,Sarah Frota,167.64,175.26,125.0,Southpaw,1987-04-14
http://ufcstats.com/fighter-details/1652f3213655b935,Phil Baroni,175.26,182.88,170.0,Orthodox,1976-04-16
http://ufcstats.com/fighter-details/165c244bcca3ed26,Seo Hee Ham,157.48,157.48,115.0,Southpaw,1987-03-08
http://ufcstats.com/fighter-details/16690d100f995f8f,Omari Akhmedov,182.88,185.42,185.0,Orthodox,1987-10-12
http://ufcstats.com/fighter-details/16a64f93f6678b7b,Martin Sano,180.34,190.5,170.0,Orthodox,1991-05-30
http://ufcstats.com/fighter-details/16af2d5a6f28bee2,Quinn Mulhern,190.5,,155.0,Orthodox,1984-09-20
http://ufcstats.com/fighter-details/16b89be2f5c16fba,Larissa Pacheco,170.18,,135.0,Orthodox,1994-09-07
http://ufcstats.com/fighter-details/16bf6a73bdd302cd,Collin Hart,185.42,,185.0,Orthodox,1989-10-12
http://ufcstats.com/fighter-details/172c2135e70f87b7,Luke Barnatt,198.12,195.58,185.0,Orthodox,1988-04-13
http://ufcstats.com/fighter-details/173acb3f920082b8,Roland Delorme,175.26,180.34,135.0,Orthodox,1983-12-18
http://ufcstats.com/fighter-details/175852708cb55776,Cristina Stanciu,160.02,,115.0,Orthodox,1994-03-29
http://ufcstats.com/fighter-details/17734443a833cdf7,Quillan Salkilld,182.88,190.5,155.0,Orthodox,1999-12-28
http://ufcstats.com/fighter-details/1788eee370f077b7,Blagoy Ivanov,180.34,185.42,250.0,Southpaw,1986-10-09
http://ufcstats.com/fighter-details/17923f676f100e16,Tallison Teixeira,200.66,210.82,258.0,Orthodox,1999-12-07
http://ufcstats.com/fighter-details/179f1948dc234f1f,Mark Munoz,182.88,180.34,185.0,Orthodox,1978-02-09
http://ufcstats.com/fighter-details/17cb6d8e8187f304,Nyamjargal Tumendemberel,170.18,180.34,125.0,Orthodox,1998-03-22
http://ufcstats.com/fighter-details/17e97649403ba428,Joshua Van,165.1,165.1,125.0,Orthodox,2001-10-10
http://ufcstats.com/fighter-details/182a73d5b4e57871,Jovan Leka,193.04,190.5,263.0,Orthodox,2002-03-15
http://ufcstats.com/fighter-details/182f2b78582de3d8,Marcus LeVesseur,175.26,177.8,155.0,Southpaw,1982-07-17
http://ufcstats.com/fighter-details/184b955181bdef52,Wes Albritton,177.8,,188.0,Orthodox,
http://ufcstats.com/fighter-details/18524b46c570730b,Mark Hall,182.88,,190.0,Orthodox,1961-01-26
http://ufcstats.com/fighter-details/185fb0200a4605e6,Steve Kennedy,180.34,,170.0,Orthodox,1983-03-07
http://ufcstats.com/fighter-details/18968f97ad34f15c,Jeremy Stephens,175.26,180.34,155.0,Orthodox,1986-05-25
http://ufcstats.com/fighter-details/1897b7b913736a7c,Alatengheili,165.1,167.64,135.0,Orthodox,1991-12-14
http://ufcstats.com/fighter-details/18aecaf50f52e4c3,Phillip Miller,180.34,,185.0,Orthodox,1979-02-20
http://ufcstats.com/fighter-details/18b602842a24f7c5,Mike Rodriguez,193.04,208.28,205.0,Southpaw,1988-11-28
http://ufcstats.com/fighter-details/18d01f7f8338ae72,Vinicius Oliveira,175.26,177.8,145.0,Switch,1995-11-30
http://ufcstats.com/fighter-details/18e8b7070228e728,Darrell Horcher,177.8,177.8,155.0,Southpaw,1987-07-28
http://ufcstats.com/fighter-details/192520689012c7e4,Suman Mokhtarian,172.72,182.88,145.0,Orthodox,1992-06-13
http://ufcstats.com/fighter-details/193b9d1858bc4df3,Dan Hooker,182.88,190.5,155.0,Switch,1990-02-13
http://ufcstats.com/fighter-details/196ed28337adc630,Pat Audinwood,182.88,,155.0,Orthodox,1986-04-16
http://ufcstats.com/fighter-details/1971869b7e054261,Mike de la Torre,180.34,180.34,145.0,Orthodox,1986-09-22
http://ufcstats.com/fighter-details/1975c2272ba40e71,Nick Serra,175.26,,170.0,Orthodox,1978-03-27
http://ufcstats.com/fighter-details/198994b47f395af0,Carlo Pedersoli Jr.,180.34,190.5,170.0,Southpaw,1993-06-08
http://ufcstats.com/fighter-details/1999ffb5cebc314f,Brian Camozzi,187.96,198.12,170.0,Orthodox,1991-06-24
http://ufcstats.com/fighter-details/199eb7cf6ae90294,Naoki Inoue,175.26,180.34,125.0,Orthodox,1997-06-14
http://ufcstats.com/fighter-details/19a8cce18a1cef9e,James Head,185.42,185.42,170.0,Orthodox,1984-02-09
http://ufcstats.com/fighter-details/19b7738321cfae42,Mallory Martin,162.56,160.02,115.0,Orthodox,1994-01-29
http://ufcstats.com/fighter-details/19c591115a58982c,Viacheslav Borshchev,180.34,175.26,155.0,Orthodox,1992-01-08
http://ufcstats.com/fighter-details/19db7ac26308178f,Ivan Jorge,175.26,185.42,155.0,Orthodox,1980-11-07
http://ufcstats.com/fighter-details/19f8a2f6eecd92ac,Puja Tomar,154.94,149.86,115.0,Southpaw,1993-12-05
http://ufcstats.com/fighter-details/19ffeb5e3fffd6d5,Joe Charles,185.42,,260.0,Southpaw,
http://ufcstats.com/fighter-details/1a08b01fdabb6ae2,Tony Kelley,175.26,177.8,135.0,Switch,1987-01-21
http://ufcstats.com/fighter-details/1a1a4d7a29041d77,Colin Robinson,193.04,,243.0,Orthodox,1968-11-27
http://ufcstats.com/fighter-details/1a225f04aa6e0739,Kelly Dullanty,172.72,,155.0,Orthodox,1977-11-04
http://ufcstats.com/fighter-details/1a2bf44edb8055b6,Serhiy Sidey,180.34,182.88,135.0,Switch,1996-07-04
http://ufcstats.com/fighter-details/1a31ef98efce7a79,Matheus Nicolau,167.64,167.64,125.0,Orthodox,1993-01-06
http://ufcstats.com/fighter-details/1a49e0670dfaca31,Jim Mullen,185.42,,215.0,Southpaw,
http://ufcstats.com/fighter-details/1a54231796e24a3f,Liudvik Sholinian,177.8,180.34,135.0,Orthodox,1990-01-20
http://ufcstats.com/fighter-details/1a7745388839e52b,John Maguire,175.26,175.26,155.0,Southpaw,1983-05-19
http://ufcstats.com/fighter-details/1a9480fc288e55d7,Don'Tale Mayes,198.12,205.74,260.0,Orthodox,1992-01-16
http://ufcstats.com/fighter-details/1a97a3ef4c758fae,Gokhan Saricam,190.5,190.5,265.0,Orthodox,1991-02-28
http://ufcstats.com/fighter-details/1a98c9dbb7fc3959,Jocelyn Jones-Lybarger,170.18,162.56,115.0,Orthodox,1985-10-04
http://ufcstats.com/fighter-details/1abfb658cd4f8533,Nandor Guelmino,190.5,,230.0,,1975-12-20
http://ufcstats.com/fighter-details/1ad381c8994c4e5b,Ben Wall,177.8,,155.0,Orthodox,1989-03-25
http://ufcstats.com/fighter-details/1ae8f3c723aacff4,Ricardo Ramos,175.26,182.88,145.0,Orthodox,1995-08-01
http://ufcstats.com/fighter-details/1af1170ed937cba7,Kayla Harrison,172.72,167.64,135.0,Southpaw,1990-07-02
http://ufcstats.com/fighter-details/1b35af4d1529adf6,Stephanie Luciano,167.64,165.1,115.0,Orthodox,1999-12-16
http://ufcstats.com/fighter-details/1b38a2b897f6209c,Felipe Silva,182.88,195.58,155.0,Orthodox,1984-05-08
http://ufcstats.com/fighter-details/1bcaac2d99b90fce,Sergio Moraes,182.88,182.88,170.0,Orthodox,1982-07-23
http://ufcstats.com/fighter-details/1c061eb6e29eaa0a,Bob Cook,175.26,,170.0,Orthodox,
http://ufcstats.com/fighter-details/1c23ec2f1b71be40,Iwo Baraniewski,182.88,185.42,205.0,Orthodox,1998-11-20
http://ufcstats.com/fighter-details/1c2f2571b18791b6,Laverne Clark,180.34,,170.0,Orthodox,1973-12-02
http://ufcstats.com/fighter-details/1c3f5e85b59ec710,Brian Johnston,190.5,,230.0,Orthodox,1968-07-28
http://ufcstats.com/fighter-details/1c86754617d9813a,Roan Carneiro,180.34,193.04,170.0,Orthodox,1978-06-02
http://ufcstats.com/fighter-details/1ccf4e7caff270df,Dan Henderson,180.34,187.96,185.0,Orthodox,1970-08-24
http://ufcstats.com/fighter-details/1cecc8fe6748a532,Stephen Bass,175.26,,145.0,Orthodox,1982-11-14
http://ufcstats.com/fighter-details/1cf1310684a841f5,Mostapha Al-Turk,187.96,195.58,245.0,Orthodox,1973-07-14
http://ufcstats.com/fighter-details/1cf7ccf64a5bf24e,Oskar Piechota,182.88,193.04,185.0,Southpaw,1990-01-24
http://ufcstats.com/fighter-details/1d00756835ca67c9,Donald Cerrone,185.42,185.42,155.0,Orthodox,1983-03-29
http://ufcstats.com/fighter-details/1d147d4163a6989b,Nick Sanzo,175.26,,190.0,,1963-01-16
http://ufcstats.com/fighter-details/1d1b85389a05df69,Chris Tickle,175.26,,155.0,,1982-02-01
http://ufcstats.com/fighter-details/1d239d571e342453,Germaine de Randamie,175.26,180.34,135.0,Orthodox,1984-04-24
http://ufcstats.com/fighter-details/1d2d98ddd05b38fb,Axel Sola,182.88,187.96,155.0,Southpaw,1997-09-17
http://ufcstats.com/fighter-details/1d36f1ac66cf689d,Josh Shockley,185.42,,155.0,Orthodox,1989-11-15
http://ufcstats.com/fighter-details/1d4bbaabd8b60173,Stanislav Nedkov,180.34,180.34,205.0,Orthodox,1981-12-09
http://ufcstats.com/fighter-details/1dab0d1d81dd06db,Tra Telligman,187.96,,233.0,Orthodox,1965-02-07
http://ufcstats.com/fighter-details/1dafccb62a0f98ec,Robert Whiteford,175.26,175.26,145.0,Southpaw,1983-04-12
http://ufcstats.com/fighter-details/1dc56b59cb28425d,Oleg Taktarov,182.88,,210.0,Orthodox,1967-08-26
http://ufcstats.com/fighter-details/1dd1a3aacde66f72,Sulangrangbo,175.26,167.64,135.0,Southpaw,2005-07-17
http://ufcstats.com/fighter-details/1ddb480b601cefb1,Chance Rencountre,187.96,190.5,170.0,Southpaw,1986-12-31
http://ufcstats.com/fighter-details/1de9ad94de18eeaf,Nicco Montano,165.1,165.1,135.0,Southpaw,1988-12-16
http://ufcstats.com/fighter-details/1e1dbd1cc5a7469e,Jimi Manuwa,185.42,200.66,205.0,Orthodox,1980-02-18
http://ufcstats.com/fighter-details/1e327b281ef6a745,Adlan Amagov,187.96,193.04,170.0,Orthodox,1986-10-30
http://ufcstats.com/fighter-details/1e35aa8955794580,Ulysses Gomez,167.64,,125.0,Orthodox,1983-05-25
http://ufcstats.com/fighter-details/1e4f273069fb9e85,Fares Ziam,185.42,190.5,155.0,Orthodox,1997-03-21
http://ufcstats.com/fighter-details/1e719d4b676dc19a,Brunno Ferreira,177.8,182.88,185.0,Orthodox,1992-11-04
http://ufcstats.com/fighter-details/1e7483dbff40b84b,Vik Grujic,180.34,185.42,170.0,Orthodox,1977-02-06
http://ufcstats.com/fighter-details/1ea8df62b3f8fea6,Justin James,177.8,,155.0,Orthodox,1976-11-08
http://ufcstats.com/fighter-details/1eacf73d6a0055dc,Cheick Kongo,193.04,208.28,240.0,Orthodox,1975-05-17
http://ufcstats.com/fighter-details/1ebdcb7488d0ebee,Pearl Gonzalez,162.56,,115.0,Orthodox,1986-08-12
http://ufcstats.com/fighter-details/1ebe20ebbfa15e29,Zhang Weili,162.56,160.02,115.0,Switch,1989-08-13
http://ufcstats.com/fighter-details/1ed32eaaba9ffe10,Jumabieke Tuerxun,170.18,,135.0,Orthodox,1986-04-17
http://ufcstats.com/fighter-details/1efa064872f089d0,David Bielkheden,177.8,180.34,155.0,Orthodox,1979-06-06
http://ufcstats.com/fighter-details/1eff7bc0f815b270,Yorgan De Castro,182.88,187.96,250.0,Orthodox,1986-12-19
http://ufcstats.com/fighter-details/1effd880e1f1bb30,Garrett Armfield,167.64,177.8,135.0,Orthodox,1996-10-09
http://ufcstats.com/fighter-details/1f454354805b6f75,Anderson Silva,187.96,195.58,185.0,Southpaw,1975-04-14
http://ufcstats.com/fighter-details/1f4b04a926ef1287,Johnny Case,177.8,182.88,155.0,Orthodox,1989-06-28
http://ufcstats.com/fighter-details/1f5f75658551f2d3,Sam Fulton,,,,,
http://ufcstats.com/fighter-details/1f77fce698e80488,James Hammortree,190.5,,185.0,Orthodox,1983-11-29
http://ufcstats.com/fighter-details/1f8cd7634e8286ff,Jose Montanha,193.04,193.04,259.0,Orthodox,1996-08-25
http://ufcstats.com/fighter-details/1f9c371c93dfd3a9,Ryan McGillivray,180.34,,170.0,,1986-09-27
http://ufcstats.com/fighter-details/1fb80f46d3c105d9,Fabio Maldonado,185.42,190.5,205.0,Orthodox,1980-03-17
http://ufcstats.com/fighter-details/1fc64507a0cb38cf,Rostem Akman,177.8,182.88,170.0,Switch,1991-12-19
http://ufcstats.com/fighter-details/1fcfc3709fe58151,Peter Sobotta,182.88,190.5,170.0,Southpaw,1987-01-11
http://ufcstats.com/fighter-details/1fd4fbdcc67de844,Drew McFedries,182.88,182.88,185.0,Southpaw,1978-07-27
http://ufcstats.com/fighter-details/1fe7adb23b3eedfb,Yuki Kondo,180.34,,183.0,Southpaw,1975-07-17
http://ufcstats.com/fighter-details/1ff9589f9065a9ed,Frank Mir,190.5,200.66,264.0,Southpaw,1979-05-24
http://ufcstats.com/fighter-details/1ffc38f67785797b,Lowell Anderson,167.64,,160.0,Orthodox,
http://ufcstats.com/fighter-details/20205040232ed0f3,Tyson Griffin,167.64,172.72,145.0,Orthodox,1984-04-20
http://ufcstats.com/fighter-details/202b0467521c9d6f,Viktor Pesta,190.5,195.58,240.0,Orthodox,1990-07-15
http://ufcstats.com/fighter-details/203c957eac95dd87,Hyun Gyu Lim,190.5,195.58,170.0,Orthodox,1985-01-16
http://ufcstats.com/fighter-details/2067a177a2842fbf,Sammy Morgan,177.8,,170.0,Orthodox,1981-09-28
http://ufcstats.com/fighter-details/207773daeb4afa7b,Devonte Smith,175.26,193.04,155.0,Orthodox,1993-07-30
http://ufcstats.com/fighter-details/20999e27ddd94bda,Ryan Benoit,165.1,172.72,125.0,Orthodox,1989-08-25
http://ufcstats.com/fighter-details/20a0e4cc5227c117,Jose Souza,190.5,200.66,170.0,Orthodox,2002-05-23
http://ufcstats.com/fighter-details/20bcc9966affb19c,Jake O'Brien,190.5,193.04,205.0,Orthodox,1984-09-25
http://ufcstats.com/fighter-details/20bccc9bb4ceb23e,Melquizael Costa,177.8,180.34,145.0,Southpaw,1996-09-14
http://ufcstats.com/fighter-details/20bd6c3e03c46ee6,Townsend Saunders,165.1,,170.0,Orthodox,
http://ufcstats.com/fighter-details/20d37922ba85e6fc,Artur Minev,175.26,175.26,155.0,Orthodox,2003-09-27
http://ufcstats.com/fighter-details/20ec0061400178ca,Roberto Traven,190.5,,227.0,Orthodox,1968-09-16
http://ufcstats.com/fighter-details/210935fd21670f6d,Rich Attonito,177.8,182.88,170.0,Orthodox,1977-06-16
http://ufcstats.com/fighter-details/21321cdfba797c52,Derrick Noble,175.26,,170.0,Southpaw,1978-08-14
http://ufcstats.com/fighter-details/2153a7f8396a46cc,Luiz Dutra,180.34,,170.0,Orthodox,1982-05-06
http://ufcstats.com/fighter-details/215a70f073a7b726,Jordan Espinosa,167.64,175.26,125.0,Orthodox,1989-11-08
http://ufcstats.com/fighter-details/219a254e15d60135,Tim Hague,193.04,193.04,260.0,Orthodox,1983-05-09
http://ufcstats.com/fighter-details/21b1132949f2a9b0,Steve Berger,180.34,,170.0,Orthodox,1973-05-20
http://ufcstats.com/fighter-details/21b5c82c1b89dab1,Yusaku Kinoshita,182.88,180.34,170.0,Southpaw,2000-08-21
http://ufcstats.com/fighter-details/21b813b919776d90,Erik Silva,175.26,180.34,145.0,Orthodox,1987-03-16
http://ufcstats.com/fighter-details/21b8a0f5c231096f,Mark Coleman,185.42,190.5,205.0,Orthodox,1964-12-20
http://ufcstats.com/fighter-details/21f2974fd08085e3,Saeed Hosseini,,,,,
http://ufcstats.com/fighter-details/22061ff217907c78,Konstantin Erokhin,180.34,,230.0,Orthodox,1983-01-31
http://ufcstats.com/fighter-details/2244d9a2b64b8c3b,Hannah Cifers,154.94,157.48,115.0,Orthodox,1992-06-26
http://ufcstats.com/fighter-details/225def29ecfe0fc1,Carlos Huachin,162.56,170.18,135.0,Southpaw,1996-06-04
http://ufcstats.com/fighter-details/2284092f8b63273b,Luke Zachrich,187.96,187.96,185.0,Orthodox,1981-12-19
http://ufcstats.com/fighter-details/2296125b6c362355,Wulijiburen,175.26,175.26,135.0,Orthodox,1989-03-01
http://ufcstats.com/fighter-details/2299605af59fd309,Emmanuel Yarborough,203.2,,770.0,Open Stance,1960-09-05
http://ufcstats.com/fighter-details/22a92d7f62195791,Tony Ferguson,180.34,193.04,170.0,Orthodox,1984-02-12
http://ufcstats.com/fighter-details/22aa91e402d0fe1f,Ramsey Nijem,180.34,190.5,155.0,Orthodox,1988-04-01
http://ufcstats.com/fighter-details/22d1e00e1aabb7c9,Mike Whitehead,185.42,,205.0,Orthodox,1981-06-29
http://ufcstats.com/fighter-details/22e07d3da1aa3475,Andrey Pulyaev,193.04,198.12,185.0,Southpaw,1997-09-10
http://ufcstats.com/fighter-details/22e3458965d5d08a,Michael Aljarouj,165.1,167.64,125.0,Orthodox,1997-08-21
http://ufcstats.com/fighter-details/22e47b53e4ceb27c,David Loiseau,182.88,193.04,185.0,Orthodox,1979-12-17
http://ufcstats.com/fighter-details/22edaf53ad59a967,Daniel Roberts,177.8,187.96,170.0,Southpaw,1980-08-05
http://ufcstats.com/fighter-details/22ee260735da0d58,Richard Crunkilton,170.18,,155.0,Orthodox,1979-11-25
http://ufcstats.com/fighter-details/23024fdfc966410a,Gilbert Burns,177.8,180.34,170.0,Orthodox,1986-07-20
http://ufcstats.com/fighter-details/231926533134ec1f,Justin Buchholz,182.88,185.42,155.0,Orthodox,1983-08-22
http://ufcstats.com/fighter-details/231cae8b77fbbcc1,Khalid Murtazaliev,182.88,193.04,185.0,Orthodox,1993-07-15
http://ufcstats.com/fighter-details/232c582f29f8f65e,Gegard Mousasi,187.96,193.04,185.0,Orthodox,1985-08-01
http://ufcstats.com/fighter-details/23459ee7e373b98f,Jared Hamman,190.5,190.5,185.0,Orthodox,1982-03-07
http://ufcstats.com/fighter-details/234f3767ff0e5701,Kendall Grove,198.12,200.66,185.0,Orthodox,1982-11-12
http://ufcstats.com/fighter-details/236a37d96d476164,Mike Pierce,172.72,180.34,170.0,Orthodox,1980-09-01
http://ufcstats.com/fighter-details/237187ed9f419285,Jack McGlaughlin,,,,Orthodox,
http://ufcstats.com/fighter-details/23725c826c481e7f,Paul Daley,175.26,193.04,170.0,Orthodox,1983-02-21
http://ufcstats.com/fighter-details/239d8e5359022f3b,Kevin Vallejos,170.18,172.72,145.0,Switch,2001-12-08
http://ufcstats.com/fighter-details/23a16ebe733e3041,Rory Markham,182.88,180.34,170.0,Orthodox,1982-03-25
http://ufcstats.com/fighter-details/23a6e307077c6ccc,Enrique Marin,177.8,,170.0,,1986-09-02
http://ufcstats.com/fighter-details/23a81656507b56a3,Terrance Chatman,182.88,193.04,265.0,Orthodox,1997-05-05
http://ufcstats.com/fighter-details/23ab42947c1990e3,Ron van Clief,177.8,,190.0,Orthodox,1943-01-25
http://ufcstats.com/fighter-details/23dec7c47cb418f8,Zach Reese,193.04,195.58,185.0,Switch,1994-03-24
http://ufcstats.com/fighter-details/24174a3f44ce8e03,Chan-Mi Jeon,165.1,,115.0,Orthodox,1997-08-28
http://ufcstats.com/fighter-details/242d36d241b43c12,Kron Gracie,175.26,177.8,145.0,Southpaw,1988-07-11
http://ufcstats.com/fighter-details/24656ef4d605c96f,Aiemann Zahabi,172.72,172.72,135.0,Orthodox,1987-11-19
http://ufcstats.com/fighter-details/24b033b3daf1c9df,Luiz Cane,187.96,195.58,185.0,Southpaw,1981-04-24
http://ufcstats.com/fighter-details/2525a853486ee670,Sirwan Kakai,165.1,,135.0,Orthodox,1989-10-03
http://ufcstats.com/fighter-details/2526be54e6a0e62a,Denys Bondar,167.64,175.26,125.0,Orthodox,1992-06-27
http://ufcstats.com/fighter-details/253076a23d03dcd0,Allan Nascimento,172.72,175.26,125.0,Orthodox,1991-09-11
http://ufcstats.com/fighter-details/253de74457bd6374,Tony Fryklund,182.88,,185.0,Orthodox,1971-03-26
http://ufcstats.com/fighter-details/25433871e4eee0f4,Alberto Crane,165.1,,155.0,Orthodox,1976-07-14
http://ufcstats.com/fighter-details/2549d63da9c456cb,Rick Davis,175.26,,155.0,Orthodox,
http://ufcstats.com/fighter-details/2558ae2e5671e318,Khaos Williams,182.88,195.58,170.0,Orthodox,1994-03-30
http://ufcstats.com/fighter-details/257b0c8d6f199895,Impa Kasanganay,180.34,190.5,170.0,Orthodox,1994-01-17
http://ufcstats.com/fighter-details/25af5e832f17b474,Jesus Pinedo,177.8,,155.0,Southpaw,1996-06-22
http://ufcstats.com/fighter-details/25f9a5f3e8a52618,Jhonata Diniz,193.04,200.66,254.0,Orthodox,1991-06-23
http://ufcstats.com/fighter-details/260bd4cef10b033f,Ihor Potieria,190.5,190.5,185.0,Southpaw,1996-05-29
http://ufcstats.com/fighter-details/260e9e0d4954aea6,Rodolfo Vieira,182.88,185.42,185.0,Orthodox,1989-09-25
http://ufcstats.com/fighter-details/2620f3eb21c79614,Scott Adams,182.88,,225.0,Southpaw,
http://ufcstats.com/fighter-details/262a7d06203657e6,Alexander Hernandez,175.26,182.88,155.0,Orthodox,1992-10-01
http://ufcstats.com/fighter-details/262d32ebda89efc4,Natalia Silva,162.56,165.1,125.0,Southpaw,1997-02-03
http://ufcstats.com/fighter-details/263ebd4a669e1e98,Fabiano Iha,172.72,,155.0,Orthodox,1970-07-28
http://ufcstats.com/fighter-details/2650e2f846a30f64,Amir Sadollah,177.8,190.5,170.0,Orthodox,1980-08-27
http://ufcstats.com/fighter-details/265589bdd93e7ce5,Lodune Sincaid,175.26,,185.0,Orthodox,1973-05-07
http://ufcstats.com/fighter-details/2676b28836a5a836,Benson Henderson,175.26,177.8,170.0,Southpaw,1983-11-16
http://ufcstats.com/fighter-details/267f4a6568abe245,Landon Quinones,175.26,177.8,155.0,Southpaw,1995-11-21
http://ufcstats.com/fighter-details/26b63bc5c0c1f65d,Alex Chambers,160.02,160.02,115.0,Southpaw,1978-10-25
http://ufcstats.com/fighter-details/26e3f3928b1891d9,Hannah Goldy,162.56,154.94,115.0,Orthodox,1992-05-18
http://ufcstats.com/fighter-details/26eddcda9d6b2ffe,Paul Rodriguez,170.18,,155.0,Orthodox,1975-05-18
http://ufcstats.com/fighter-details/270b89c00ef0c55c,Gabriel Gonzaga,187.96,193.04,242.0,Orthodox,1979-05-18
http://ufcstats.com/fighter-details/271fe91f4ba9d2c5,Don Frye,185.42,,219.0,Orthodox,1965-11-23
http://ufcstats.com/fighter-details/2721bb808bb2523c,Curt Warburton,182.88,185.42,155.0,Orthodox,
http://ufcstats.com/fighter-details/2747c60e42d9d75f,David Teymur,175.26,185.42,155.0,Southpaw,1989-05-01
http://ufcstats.com/fighter-details/27541033b97c076d,Kevin Ferguson,187.96,195.58,235.0,Orthodox,1974-02-08
http://ufcstats.com/fighter-details/275aca31f61ba28c,Islam Makhachev,177.8,177.8,170.0,Southpaw,1991-10-27
http://ufcstats.com/fighter-details/275cafc9de131c83,Dave Menne,177.8,,170.0,Orthodox,1974-07-29
http://ufcstats.com/fighter-details/276c60b14b571dd4,Takenori Sato,177.8,,170.0,Southpaw,1985-06-08
http://ufcstats.com/fighter-details/279566840aa55bf2,Alexander Volkov,200.66,203.2,250.0,Orthodox,1988-10-24
http://ufcstats.com/fighter-details/27b164b0d1833df0,Kalindra Faria,170.18,,125.0,Switch,1986-07-23
http://ufcstats.com/fighter-details/27b388f0aab49780,Dione Barbosa,167.64,167.64,125.0,Orthodox,1992-05-08
http://ufcstats.com/fighter-details/27d65e9d0fba61ea,Roger Hollett,180.34,,205.0,Orthodox,1978-10-08
http://ufcstats.com/fighter-details/27fc9218a3653e3c,Justin Eilers,185.42,,235.0,Orthodox,1978-06-28
http://ufcstats.com/fighter-details/2804ce8dadab5770,Marcelo Rojo,172.72,180.34,145.0,Orthodox,1988-07-02
http://ufcstats.com/fighter-details/2816ced060a21be3,Nick Hein,167.64,167.64,155.0,Southpaw,1984-04-24
http://ufcstats.com/fighter-details/282fa667ff9c51ed,Cole Miller,185.42,185.42,145.0,Orthodox,1984-04-26
http://ufcstats.com/fighter-details/2844b047183a1adb,Luis Pena,190.5,190.5,155.0,Southpaw,1993-07-05
http://ufcstats.com/fighter-details/285ae0b4a68221f4,JunYong Park,177.8,185.42,185.0,Orthodox,1991-02-27
http://ufcstats.com/fighter-details/288aaa8f82040e02,Dante Rivera,185.42,,185.0,Southpaw,1974-12-08
http://ufcstats.com/fighter-details/28ba5f27e473420c,Alexandre Ferreira,170.18,,205.0,Orthodox,1979-04-25
http://ufcstats.com/fighter-details/28c55b4087a6f136,Elvis Mutapcic,182.88,182.88,185.0,Orthodox,1986-07-19
http://ufcstats.com/fighter-details/28d421729451c8ca,Carlos Leal,180.34,187.96,170.0,Orthodox,1994-05-04
http://ufcstats.com/fighter-details/28f3c2258a1d8874,John Hathaway,185.42,190.5,170.0,Orthodox,1987-07-23
http://ufcstats.com/fighter-details/28f62d866c59c709,Waylon Lowe,170.18,,145.0,Southpaw,1980-10-31
http://ufcstats.com/fighter-details/29162be25ebef5f0,Luis Gurule,165.1,162.56,125.0,Orthodox,1993-11-16
http://ufcstats.com/fighter-details/2924886ee9c4c527,Thiago Silva,187.96,187.96,205.0,Orthodox,1982-11-12
http://ufcstats.com/fighter-details/2937cb502dda0808,Anistavio Medeiros,167.64,,145.0,Orthodox,1988-05-01
http://ufcstats.com/fighter-details/294aa73dbf37d281,Bruno Silva,162.56,165.1,125.0,Orthodox,1990-03-16
http://ufcstats.com/fighter-details/2961be02cfb0d2c1,Roman Mitichyan,177.8,,170.0,Orthodox,1978-09-04
http://ufcstats.com/fighter-details/296a120cb880477b,Kiru Sahota,177.8,185.42,125.0,Orthodox,1995-05-28
http://ufcstats.com/fighter-details/2975297f505e9447,Jonny Parsons,175.26,175.26,170.0,Orthodox,1991-09-06
http://ufcstats.com/fighter-details/297a2b35444c245b,Mandy Bohm,170.18,180.34,125.0,Orthodox,1989-07-30
http://ufcstats.com/fighter-details/2997e7fe3c9d3d4a,Wang Cong,167.64,167.64,125.0,Southpaw,1992-05-15
http://ufcstats.com/fighter-details/29af297d9f1de0f8,Damon Jackson,180.34,180.34,155.0,Switch,1988-08-08
http://ufcstats.com/fighter-details/29f935654825331b,Chris Sanford,180.34,,185.0,Orthodox,1968-03-12
http://ufcstats.com/fighter-details/2a4200ead401a9ce,Carls John De Tomas,165.1,180.34,125.0,Southpaw,1996-08-28
http://ufcstats.com/fighter-details/2a542ee8a8b83559,Tim Sylvia,203.2,203.2,265.0,Orthodox,1976-03-05
http://ufcstats.com/fighter-details/2a6f8136da1e52c0,Koji Kitao,200.66,,350.0,Southpaw,1963-10-12
http://ufcstats.com/fighter-details/2a7afe14b3a0a058,Asbel Cancio,177.8,,225.0,,
http://ufcstats.com/fighter-details/2a8502954f49e682,Vinicius Queiroz,200.66,,220.0,Orthodox,1983-08-29
http://ufcstats.com/fighter-details/2aa49b3766a59bcd,Jordan Mein,182.88,185.42,170.0,Orthodox,1989-10-10
http://ufcstats.com/fighter-details/2ac4628c08ec5125,Markus Perez,185.42,185.42,185.0,Orthodox,1988-06-22
http://ufcstats.com/fighter-details/2adb11835acd815b,Tom Blackledge,,,205.0,Orthodox,
http://ufcstats.com/fighter-details/2af2f2e26c4c0402,Hunter Azure,172.72,175.26,145.0,Orthodox,1992-03-02
http://ufcstats.com/fighter-details/2b06b6ad5db63348,Brandon Melendez,180.34,,155.0,Southpaw,1983-03-24
http://ufcstats.com/fighter-details/2b074403b7c6cdb4,Thomas Almeida,170.18,177.8,145.0,Southpaw,1991-07-31
http://ufcstats.com/fighter-details/2b1587a3376ab743,Ernie Verdicia,180.34,,199.0,Orthodox,
http://ufcstats.com/fighter-details/2b266e623e20737a,Rodrigo Vera,172.72,172.72,145.0,Orthodox,1995-10-18
http://ufcstats.com/fighter-details/2b4faacc16d66898,Eiji Mitsuoka,170.18,,145.0,Southpaw,1976-01-01
http://ufcstats.com/fighter-details/2b68d9f125d07b42,Jared Vanderaa,193.04,203.2,265.0,Orthodox,1992-05-12
http://ufcstats.com/fighter-details/2b6d855c6e280fb1,Alex Nicholson,193.04,195.58,185.0,Orthodox,1990-05-02
http://ufcstats.com/fighter-details/2b6fc1c02736833d,Umar Nurmagomedov,172.72,175.26,135.0,Orthodox,1996-01-03
http://ufcstats.com/fighter-details/2b93ebd9f5417ad2,Michael Bisping,185.42,190.5,185.0,Orthodox,1979-02-28
http://ufcstats.com/fighter-details/2bd98ab77a8daa75,Stewart Nicoll,165.1,165.1,125.0,Orthodox,1996-04-11
http://ufcstats.com/fighter-details/2be6596a9db33bf5,Jason MacDonald,190.5,203.2,185.0,Orthodox,1975-06-03
http://ufcstats.com/fighter-details/2c010b26a3306969,Orion Cosce,180.34,180.34,170.0,Switch,1994-07-15
http://ufcstats.com/fighter-details/2c1170b825f58e57,Guangyou Ning,162.56,162.56,145.0,Southpaw,1981-12-15
http://ufcstats.com/fighter-details/2c2caf2f2bab9df5,Humberto Bandenay,180.34,180.34,145.0,Southpaw,1994-09-04
http://ufcstats.com/fighter-details/2c483cf443f38ece,Vanessa Demopoulos,157.48,149.86,125.0,Orthodox,1988-09-22
http://ufcstats.com/fighter-details/2c5a0b8317f8f27a,Roque Martinez,177.8,182.88,250.0,Orthodox,1986-03-04
http://ufcstats.com/fighter-details/2c5f5749569eef66,Tainara Lisboa,170.18,170.18,135.0,Orthodox,1991-03-02
http://ufcstats.com/fighter-details/2c64c035485906aa,Nah-Shon Burrell,180.34,,170.0,Orthodox,1990-02-05
http://ufcstats.com/fighter-details/2c6e81426dd7573c,Jack May,203.2,,255.0,Switch,1981-04-14
http://ufcstats.com/fighter-details/2c99576fefe53c7c,Renan Barao,167.64,177.8,145.0,Orthodox,1987-01-31
http://ufcstats.com/fighter-details/2c9d00968f818270,Hakeem Dawodu,172.72,185.42,145.0,Orthodox,1991-07-02
http://ufcstats.com/fighter-details/2caf993f53541fa1,Andreas Gustafsson,185.42,185.42,170.0,Orthodox,1991-02-20
http://ufcstats.com/fighter-details/2cd428e9606856fd,Jairzinho Rozenstruik,187.96,198.12,242.0,Orthodox,1988-03-17
http://ufcstats.com/fighter-details/2cdb479a0ef0ee1d,Xiong Jingnan,162.56,160.02,115.0,Switch,1988-01-12
http://ufcstats.com/fighter-details/2cfba6c837c03ed0,Patchy Mix,180.34,177.8,135.0,Southpaw,1993-08-16
http://ufcstats.com/fighter-details/2d447cc91bdaa545,Joachim Christensen,190.5,193.04,205.0,Orthodox,1978-11-07
http://ufcstats.com/fighter-details/2db0c114414d4f06,Karine Gevorgyan,162.56,160.02,125.0,,1989-03-09
http://ufcstats.com/fighter-details/2db7fa8db6bc9632,Shane Nelson,175.26,177.8,155.0,Southpaw,1984-11-29
http://ufcstats.com/fighter-details/2dbc60c52de126d8,Harry Hardwick,172.72,180.34,145.0,Switch,1994-09-29
http://ufcstats.com/fighter-details/2dc1bc1a02961656,Manny Bermudez,177.8,180.34,145.0,Orthodox,1994-07-16
http://ufcstats.com/fighter-details/2de91c2244ad7e89,Dominic Waters,185.42,200.66,170.0,Orthodox,1989-04-11
http://ufcstats.com/fighter-details/2e04a3b4a2011b97,Roland Payne,175.26,,205.0,Orthodox,
http://ufcstats.com/fighter-details/2e19380f34871c6a,Dominick Reyes,193.04,195.58,205.0,Southpaw,1989-12-26
http://ufcstats.com/fighter-details/2e25c1d983c26311,Colton Smith,182.88,180.34,155.0,Orthodox,1987-08-14
http://ufcstats.com/fighter-details/2e45d08b3f2f02c8,Malcolm Wellmaker,177.8,180.34,135.0,Switch,1994-06-04
http://ufcstats.com/fighter-details/2e585c701f72fe55,Ian Heinisch,180.34,182.88,185.0,Orthodox,1988-08-05
http://ufcstats.com/fighter-details/2e5c2aa8e4ab9d82,Paulo Costa,185.42,182.88,205.0,Orthodox,1991-04-21
http://ufcstats.com/fighter-details/2e7878927067fdca,Manuel Torres,177.8,185.42,155.0,Switch,1995-03-25
http://ufcstats.com/fighter-details/2ebfbe72ed703925,Tristan Connelly,177.8,172.72,145.0,Orthodox,1985-12-12
http://ufcstats.com/fighter-details/2ee09ec2a0695eb9,Mike van Arsdale,187.96,,205.0,Switch,1965-06-20
http://ufcstats.com/fighter-details/2eeaefbfc7f9fcff,Lina Lansberg,170.18,165.1,135.0,Orthodox,1982-03-13
http://ufcstats.com/fighter-details/2efbc83a6b9b7f86,Tai Bowden,180.34,,230.0,,
http://ufcstats.com/fighter-details/2f13e4020cea5b38,Raphael Assuncao,165.1,167.64,135.0,Orthodox,1982-07-19
http://ufcstats.com/fighter-details/2f1700b3a4a09bc7,Paul Georgieff,187.96,,170.0,Orthodox,1982-09-22
http://ufcstats.com/fighter-details/2f181c0467965b98,Brendan Allen,187.96,190.5,185.0,Orthodox,1995-12-28
http://ufcstats.com/fighter-details/2f1a257d6777096d,Luigi Vendramini,172.72,185.42,155.0,Orthodox,1996-01-16
http://ufcstats.com/fighter-details/2f3f12002564bb55,Steve Bruno,177.8,,170.0,Orthodox,1981-11-03
http://ufcstats.com/fighter-details/2f43a3e82661fa99,Rei Tsuruya,167.64,172.72,125.0,Orthodox,2002-06-22
http://ufcstats.com/fighter-details/2f5cbecbbe18bac4,Shamil Abdurakhimov,190.5,193.04,235.0,Orthodox,1981-09-02
http://ufcstats.com/fighter-details/2f6a993c7f547c13,Sergey Morozov,167.64,170.18,135.0,Orthodox,1989-06-14
http://ufcstats.com/fighter-details/2f732dd9210d301f,Tito Ortiz,190.5,187.96,205.0,Orthodox,1975-01-23
http://ufcstats.com/fighter-details/2f815ed5f8278ba6,Ateba Gautier,193.04,205.74,185.0,Switch,2002-04-10
http://ufcstats.com/fighter-details/2f95a3c6d58b2aad,Iuri Alcantara,175.26,180.34,135.0,Southpaw,1980-08-04
http://ufcstats.com/fighter-details/2fc7e9701642ca38,Matthew Lopez,170.18,175.26,135.0,Southpaw,1987-01-21
http://ufcstats.com/fighter-details/2fe9032955c2e013,Joseph Morales,167.64,175.26,125.0,Switch,1994-08-22
http://ufcstats.com/fighter-details/2fee10d5cf86bfca,Maia Stevenson,162.56,157.48,115.0,Orthodox,1982-03-19
http://ufcstats.com/fighter-details/2ff2e6e5abea3e53,Lewis Gonzalez,177.8,,170.0,Orthodox,1987-09-19
http://ufcstats.com/fighter-details/3033c1c080672475,Dakota Bush,177.8,185.42,155.0,Orthodox,1994-06-09
http://ufcstats.com/fighter-details/303a05a7aa3ff761,Richard Walsh,182.88,185.42,170.0,Orthodox,1988-12-01
http://ufcstats.com/fighter-details/304a21d0595e1a08,Justin Jaynes,170.18,172.72,145.0,Orthodox,1989-08-10
http://ufcstats.com/fighter-details/304fcd812f12c589,Geza Kalman,185.42,,200.0,,
http://ufcstats.com/fighter-details/3058888c33149a53,Yusuke Kasuya,170.18,,155.0,Southpaw,1989-11-16
http://ufcstats.com/fighter-details/305d73ede05e31ad,Austin Lingo,177.8,177.8,145.0,Orthodox,1994-07-10
http://ufcstats.com/fighter-details/30a09e43f15f1d75,Paulo Thiago,180.34,187.96,170.0,Orthodox,1981-01-25
http://ufcstats.com/fighter-details/30b577b112bef42d,Vernon Ramos Ho,167.64,,170.0,Orthodox,1992-06-03
http://ufcstats.com/fighter-details/30cad5a751adcb48,Alibi Idiris,167.64,172.72,125.0,Orthodox,1994-10-22
http://ufcstats.com/fighter-details/30cd319d39ee689b,Gerry Harris,203.2,,270.0,Orthodox,
http://ufcstats.com/fighter-details/30ea504870f8597b,Josh Stansbury,187.96,187.96,205.0,Orthodox,1984-11-19
http://ufcstats.com/fighter-details/31123249b0bbf52e,Matt Brown,182.88,190.5,170.0,Orthodox,1981-01-10
http://ufcstats.com/fighter-details/312f47c3d2f83ffa,Houston Dorr,185.42,,210.0,Orthodox,
http://ufcstats.com/fighter-details/312f7d7b2b2f7de4,Djorden Santos,182.88,190.5,185.0,Orthodox,1997-08-01
http://ufcstats.com/fighter-details/3138df4d117ebc12,Delphine Benouaich,160.02,160.02,115.0,Orthodox,1995-03-21
http://ufcstats.com/fighter-details/3138fab619faf4d1,Brian Cobb,180.34,,155.0,Orthodox,1980-09-03
http://ufcstats.com/fighter-details/3143bf892608139a,Yana Santos,167.64,172.72,135.0,Orthodox,1989-11-11
http://ufcstats.com/fighter-details/31652c9267606d54,John Lober,180.34,,199.0,Orthodox,1968-02-26
http://ufcstats.com/fighter-details/318572f6f74b760d,Charlie Ontiveros,187.96,187.96,155.0,Switch,1991-07-04
http://ufcstats.com/fighter-details/318e629d1eb7aa49,Richie Hightower,172.72,,170.0,Orthodox,1974-11-26
http://ufcstats.com/fighter-details/319fa1bd3176bded,Johnny Rhodes,182.88,,210.0,Orthodox,
http://ufcstats.com/fighter-details/31a13532e724ca2b,Stevie Ray,177.8,177.8,155.0,Southpaw,1990-03-25
http://ufcstats.com/fighter-details/31bb0772f21cabd8,Daniel Lacerda,167.64,177.8,125.0,Switch,1996-06-05
http://ufcstats.com/fighter-details/31bbd39c0a075d4e,Pingyuan Liu,167.64,182.88,135.0,Orthodox,1993-02-13
http://ufcstats.com/fighter-details/31bbd46d57dfbcb7,John Campetella,175.26,,235.0,Orthodox,
http://ufcstats.com/fighter-details/31c01fbc2586a5eb,Dwayne Cason,177.8,,212.0,Orthodox,
http://ufcstats.com/fighter-details/31ceaf0e670c1578,Gil Castillo,175.26,,170.0,Southpaw,1965-10-21
http://ufcstats.com/fighter-details/31d7446b184e3305,Magomed Mustafaev,172.72,180.34,155.0,Orthodox,1988-08-02
http://ufcstats.com/fighter-details/31dbfbe4e7a6727c,Trey Waters,195.58,195.58,170.0,Orthodox,1995-02-21
http://ufcstats.com/fighter-details/31ee470ef5dc8d7f,Thiago Alves,175.26,177.8,170.0,Orthodox,1983-10-03
http://ufcstats.com/fighter-details/31ef8b67e13495b3,Tecia Pennington,154.94,152.4,115.0,Orthodox,1989-08-16
http://ufcstats.com/fighter-details/31f8081c7600da93,Kyle Nelson,180.34,180.34,155.0,Switch,1991-04-20
http://ufcstats.com/fighter-details/32016899d0a222a3,Lee Murray,190.5,,185.0,Orthodox,1977-09-12
http://ufcstats.com/fighter-details/320edfb0332b7073,Fredson Paixao,167.64,167.64,145.0,Orthodox,1979-05-13
http://ufcstats.com/fighter-details/322a56923b396b4d,DaMarques Johnson,185.42,190.5,170.0,Orthodox,1982-06-28
http://ufcstats.com/fighter-details/3236bf606fe9fa5b,Travis Browne,198.12,200.66,255.0,Orthodox,1982-07-17
http://ufcstats.com/fighter-details/323d4ca260dfa0ba,Esteban Ribovics,177.8,175.26,155.0,Orthodox,1996-04-27
http://ufcstats.com/fighter-details/32490e80ddab1e5a,Song Kenan,182.88,180.34,170.0,Orthodox,1990-03-10
http://ufcstats.com/fighter-details/3253b16d38ae087d,Julianna Pena,167.64,175.26,135.0,Orthodox,1989-08-19
http://ufcstats.com/fighter-details/325ad0dd9126d3df,Randy Costa,175.26,185.42,135.0,Switch,1994-07-06
http://ufcstats.com/fighter-details/3261aa79bf6caa64,Ben Johnston,193.04,193.04,185.0,Orthodox,1990-10-11
http://ufcstats.com/fighter-details/326a001926ffb7ec,Darian Weeks,180.34,182.88,170.0,Orthodox,1993-11-23
http://ufcstats.com/fighter-details/326f94d6cfb1bf25,Ben Sosoli,182.88,182.88,265.0,Southpaw,1989-12-10
http://ufcstats.com/fighter-details/327d5f279895110d,Roman Dolidze,187.96,193.04,185.0,Orthodox,1988-07-15
http://ufcstats.com/fighter-details/329e403448756217,Nathaniel Wood,167.64,175.26,145.0,Orthodox,1993-05-08
http://ufcstats.com/fighter-details/32a3025d5db456ae,Jon Hess,200.66,,295.0,,
http://ufcstats.com/fighter-details/32ab52e5de93092d,Steve Erceg,172.72,172.72,125.0,Orthodox,1995-07-27
http://ufcstats.com/fighter-details/32ba186f4b0e3267,Brian Ebersole,182.88,185.42,170.0,Southpaw,1980-11-27
http://ufcstats.com/fighter-details/32be4b7f7de1c905,Chico Camus,167.64,167.64,125.0,Orthodox,1985-01-26
http://ufcstats.com/fighter-details/32c03df3c9760069,Wendell Oliveira Marques,177.8,,170.0,Orthodox,1983-06-01
http://ufcstats.com/fighter-details/32c355b04fc57f3a,Marc Diakiese,177.8,185.42,155.0,Orthodox,1993-03-16
http://ufcstats.com/fighter-details/32c3ee378671a5d9,Austin Vanderford,180.34,187.96,170.0,Orthodox,1990-03-21
http://ufcstats.com/fighter-details/32feae6d9a1e5047,Quang Le,170.18,177.8,135.0,Orthodox,1991-10-18
http://ufcstats.com/fighter-details/33011768c3c4dc9a,Terry Etim,185.42,185.42,155.0,Orthodox,1986-01-11
http://ufcstats.com/fighter-details/330bafba312face4,Oliver Enkamp,182.88,195.58,170.0,Switch,1991-08-10
http://ufcstats.com/fighter-details/330ec26453c44a59,Mike Nickels,193.04,,205.0,Orthodox,1971-12-13
http://ufcstats.com/fighter-details/3329d692aea4dc28,Hamdy Abdelwahab,187.96,182.88,265.0,Southpaw,1993-01-22
http://ufcstats.com/fighter-details/333b9e5c723ac873,Aleksandar Rakic,193.04,198.12,205.0,Orthodox,1992-02-06
http://ufcstats.com/fighter-details/3351aa64aa83c4d9,Cory McKenna,160.02,147.32,115.0,Orthodox,1999-07-11
http://ufcstats.com/fighter-details/338a11d3674eb2d4,Aaron Wilkinson,177.8,,155.0,Orthodox,1987-01-31
http://ufcstats.com/fighter-details/33a331684283900f,Eddie Alvarez,175.26,175.26,155.0,Orthodox,1984-01-11
http://ufcstats.com/fighter-details/33a86e839ad202d8,Luis Felipe Dias,177.8,187.96,185.0,,1995-01-17
http://ufcstats.com/fighter-details/33a8708747b7f943,Lucas Brennan,177.8,182.88,155.0,Southpaw,2000-06-03
http://ufcstats.com/fighter-details/33b2f68ef95252e0,Miguel Torres,175.26,193.04,135.0,Orthodox,1981-01-18
http://ufcstats.com/fighter-details/33e00249ef08d3a4,Jake Lindsey,180.34,,155.0,Switch,1986-06-21
http://ufcstats.com/fighter-details/33e33d51f289d2a1,Maurice Smith,187.96,,221.0,Orthodox,1961-12-13
http://ufcstats.com/fighter-details/33efaf2d0941cfcf,Andre Fialho,182.88,187.96,170.0,Orthodox,1994-04-07
http://ufcstats.com/fighter-details/3410cf010558dc8b,Scott Smith,182.88,177.8,185.0,Orthodox,1979-05-21
http://ufcstats.com/fighter-details/3414b50b08a10600,Antonio McKee,172.72,,155.0,Southpaw,1970-03-12
http://ufcstats.com/fighter-details/34218661c44ed55d,Michel Batista,190.5,,260.0,Orthodox,1984-04-20
http://ufcstats.com/fighter-details/348dff4e03bd18c6,Stefan Sekulic,182.88,190.5,170.0,Southpaw,1992-02-12
http://ufcstats.com/fighter-details/349aaa3da11eb587,Karo Parisyan,177.8,182.88,170.0,Orthodox,1982-08-28
http://ufcstats.com/fighter-details/34b96d52db1d26e6,Kevin Borjas,165.1,172.72,125.0,Orthodox,1997-12-06
http://ufcstats.com/fighter-details/34c2b3656f88f7ef,Aaron Phillips,175.26,180.34,135.0,Southpaw,1989-08-05
http://ufcstats.com/fighter-details/34d4cae19105eb68,Cam Nelson,180.34,182.88,170.0,Orthodox,1998-07-28
http://ufcstats.com/fighter-details/34e516ab361afb1c,Darrick Minner,170.18,175.26,145.0,Orthodox,1990-04-28
http://ufcstats.com/fighter-details/34e552520a934063,Brad Scott,185.42,193.04,170.0,Orthodox,1989-06-24
http://ufcstats.com/fighter-details/34f88592c0ab7a54,Elias Theodorou,185.42,190.5,185.0,Orthodox,1988-05-31
http://ufcstats.com/fighter-details/34ff304266360297,Manon Fiorot,170.18,165.1,125.0,Orthodox,1990-02-17
http://ufcstats.com/fighter-details/351c4ec637380ad5,Karol Rosa,165.1,170.18,135.0,Orthodox,1994-12-30
http://ufcstats.com/fighter-details/353de740bb6c7e75,Mike Russow,185.42,185.42,255.0,Orthodox,1976-09-11
http://ufcstats.com/fighter-details/35673bf5204524ee,Bo Nickal,185.42,193.04,185.0,Southpaw,1996-01-14
http://ufcstats.com/fighter-details/3591d0d5d382a381,Francis Carmont,190.5,198.12,205.0,Orthodox,1981-10-11
http://ufcstats.com/fighter-details/35b3772629e27a49,Kevin Croom,180.34,185.42,135.0,Orthodox,1987-07-15
http://ufcstats.com/fighter-details/35dc6220b113b7ec,Ryan Roberts,167.64,,155.0,Orthodox,1978-07-16
http://ufcstats.com/fighter-details/35e1f9984ed64206,Ryan MacDonald,180.34,180.34,135.0,Switch,1993-03-18
http://ufcstats.com/fighter-details/35faad160d346839,Mizuto Hirota,170.18,170.18,155.0,Orthodox,1981-05-05
http://ufcstats.com/fighter-details/3618e0632ecdba9c,Keiichiro Nakamura,177.8,177.8,145.0,Southpaw,1998-12-02
http://ufcstats.com/fighter-details/361d49960a196976,Daniel Pineda,170.18,175.26,145.0,Orthodox,1985-08-06
http://ufcstats.com/fighter-details/36207c58e854cae5,Dashon Johnson,170.18,,145.0,Orthodox,1988-01-25
http://ufcstats.com/fighter-details/3623bd267a2eef2e,Yaotzin Meza,175.26,180.34,145.0,Orthodox,1981-02-04
http://ufcstats.com/fighter-details/36541f1e6c5d4955,Viviane Araujo,162.56,172.72,125.0,Orthodox,1986-11-21
http://ufcstats.com/fighter-details/36549928f90f1d36,Jose Quinonez,172.72,175.26,135.0,Southpaw,1990-07-28
http://ufcstats.com/fighter-details/365fee2da473b177,Anthony Johnson,187.96,198.12,205.0,Orthodox,1984-03-06
http://ufcstats.com/fighter-details/369e1ce458ef50a6,Ruslan Magomedov,190.5,198.12,242.0,Orthodox,1986-11-26
http://ufcstats.com/fighter-details/369ea36e450ae62a,Armen Petrosyan,190.5,180.34,185.0,Orthodox,1990-11-03
http://ufcstats.com/fighter-details/36a432f22144843e,Neil Grove,198.12,,265.0,Orthodox,1971-01-18
http://ufcstats.com/fighter-details/36b8f265bcd1b7a4,Abus Magomedov,187.96,198.12,185.0,Orthodox,1990-09-02
http://ufcstats.com/fighter-details/36df8e119aec6175,Sarah Kaufman,165.1,167.64,135.0,Orthodox,1985-09-20
http://ufcstats.com/fighter-details/36e78278a77006d4,Connor Matthews,172.72,180.34,145.0,Switch,1992-05-31
http://ufcstats.com/fighter-details/36fbaa49a09ff997,Brian Houston,187.96,,185.0,Orthodox,1981-04-26
http://ufcstats.com/fighter-details/37098a6e6c27fb66,Vince Morales,170.18,177.8,135.0,Orthodox,1990-11-12
http://ufcstats.com/fighter-details/3738e68d2261e60f,Andrei Arlovski,190.5,195.58,240.0,Orthodox,1979-02-04
http://ufcstats.com/fighter-details/3753714927f18437,Mohammad Yahya,175.26,185.42,145.0,Switch,1994-05-23
http://ufcstats.com/fighter-details/3795fca327cbcf23,Antonio Mendes,190.5,195.58,205.0,Southpaw,1981-04-19
http://ufcstats.com/fighter-details/37b1696e6d115957,Rolando Delgado,190.5,195.58,155.0,Orthodox,1981-11-22
http://ufcstats.com/fighter-details/37c5366d18ed6c05,Roosevelt Roberts,187.96,185.42,155.0,Orthodox,1994-02-11
http://ufcstats.com/fighter-details/37cc294027f55e4d,Austin Springer,172.72,180.34,145.0,Orthodox,1987-05-12
http://ufcstats.com/fighter-details/37d5b176d438d2a5,Karl Roberson,185.42,187.96,205.0,Southpaw,1990-10-04
http://ufcstats.com/fighter-details/37d752ec41ed84bb,Maria Oliveira,167.64,175.26,115.0,Orthodox,1996-12-12
http://ufcstats.com/fighter-details/37e03538c960bac6,Abdul-Kerim Edilov,187.96,,205.0,Orthodox,1991-11-25
http://ufcstats.com/fighter-details/37ed1ab2f8b819f4,Brad Riddell,170.18,180.34,155.0,Orthodox,1991-09-30
http://ufcstats.com/fighter-details/37f560436d745c18,Nikolas Motta,175.26,177.8,155.0,Orthodox,1993-02-08
http://ufcstats.com/fighter-details/388abbf8832b5adf,Jeff Joslin,182.88,,170.0,Orthodox,1975-04-30
http://ufcstats.com/fighter-details/38b50fd1e1b5b656,Razak Al-Hassan,187.96,,205.0,Orthodox,1982-05-14
http://ufcstats.com/fighter-details/38c5817ade8a8014,Ivana Petrovic,172.72,177.8,125.0,Southpaw,1994-06-11
http://ufcstats.com/fighter-details/38c626ca912c7bac,Damir Hadzovic,175.26,177.8,155.0,Orthodox,1986-08-08
http://ufcstats.com/fighter-details/38c7f72747f4f712,Gillian Robertson,165.1,160.02,115.0,Orthodox,1995-05-17
http://ufcstats.com/fighter-details/38ed5a2299230227,Filip Pejic,172.72,,135.0,Orthodox,1992-07-21
http://ufcstats.com/fighter-details/3920d0cc288f9b0d,Francisco Prado,177.8,175.26,170.0,Orthodox,2002-06-16
http://ufcstats.com/fighter-details/39330403ad27c2bb,Patrick Williams,172.72,185.42,135.0,Orthodox,1981-09-07
http://ufcstats.com/fighter-details/394f55ebca199124,Ivan Salaverry,182.88,,185.0,Orthodox,1971-01-11
http://ufcstats.com/fighter-details/3956bdc8ab2e54b3,John Gunther,175.26,182.88,155.0,Orthodox,1985-11-24
http://ufcstats.com/fighter-details/396fe87b84ac2e1c,Lerone Murphy,175.26,185.42,145.0,Orthodox,1991-07-22
http://ufcstats.com/fighter-details/3974fa35c917af1d,Ricardo Lamas,172.72,180.34,145.0,Orthodox,1982-05-21
http://ufcstats.com/fighter-details/399afbabc02376b5,Tom Aspinall,195.58,198.12,255.0,Orthodox,1993-04-11
http://ufcstats.com/fighter-details/39cc64bf0a269db9,Niklas Backstrom,185.42,,145.0,Orthodox,1989-08-22
http://ufcstats.com/fighter-details/39d309957c5c210d,Mario Pinto,195.58,200.66,265.0,Orthodox,1998-03-14
http://ufcstats.com/fighter-details/39d91e95949de3d9,Felicia Spencer,167.64,172.72,145.0,Orthodox,1990-11-29
http://ufcstats.com/fighter-details/3a12a2f096a6d975,Roger Narvaez,190.5,,185.0,Southpaw,1983-09-09
http://ufcstats.com/fighter-details/3a24769a4855040a,Diego Nunes,167.64,170.18,145.0,Orthodox,1982-11-30
http://ufcstats.com/fighter-details/3a314d9fa7c6825d,Douglas Silva de Andrade,170.18,172.72,145.0,Orthodox,1985-06-22
http://ufcstats.com/fighter-details/3a46b268013afede,Kevin Holland,190.5,205.74,170.0,Orthodox,1992-11-05
http://ufcstats.com/fighter-details/3a524c6700addc24,Tateki Matsuda,170.18,,125.0,Orthodox,1986-02-27
http://ufcstats.com/fighter-details/3a8176e15b9887c1,Chris Weidman,187.96,198.12,185.0,Orthodox,1984-06-17
http://ufcstats.com/fighter-details/3aa794cbe1e3484b,Josh Copeland,185.42,,265.0,Orthodox,1982-10-20
http://ufcstats.com/fighter-details/3ae10ac4df3df05c,Jesse Lennox,175.26,182.88,170.0,Orthodox,1982-03-10
http://ufcstats.com/fighter-details/3b0a516d2921e0d6,Batgerel Danaa,170.18,177.8,135.0,Orthodox,1989-07-04
http://ufcstats.com/fighter-details/3b9f723e2720a238,Roger Bowling,175.26,172.72,155.0,Orthodox,1982-12-05
http://ufcstats.com/fighter-details/3ba3b5cc94498437,Johnny Rees,182.88,,170.0,Orthodox,1982-10-21
http://ufcstats.com/fighter-details/3bad7ef643840f67,Joe Lauzon,177.8,180.34,155.0,Orthodox,1984-05-22
http://ufcstats.com/fighter-details/3bb2dc8e87b10a46,David Zawada,182.88,190.5,170.0,Orthodox,1990-08-01
http://ufcstats.com/fighter-details/3bbcd63a016d9715,Cameron Dollar,180.34,,155.0,Orthodox,1987-05-12
http://ufcstats.com/fighter-details/3bc3f60b21cddc6a,Azamat Bekoev,182.88,182.88,185.0,Orthodox,1995-12-30
http://ufcstats.com/fighter-details/3be081c29bf734d9,Takanori Gomi,170.18,177.8,155.0,Southpaw,1978-09-22
http://ufcstats.com/fighter-details/3be16d817b36098b,DongHun Choi,165.1,167.64,125.0,Switch,1999-01-02
http://ufcstats.com/fighter-details/3c0437fbeda06962,George Roop,185.42,182.88,135.0,Orthodox,1981-11-10
http://ufcstats.com/fighter-details/3c241737a6069b9f,Denis Kang,180.34,195.58,185.0,Orthodox,1977-09-17
http://ufcstats.com/fighter-details/3c26c420584d912d,Hailey Cowan,172.72,170.18,135.0,Southpaw,1992-02-12
http://ufcstats.com/fighter-details/3c48019bc387b80c,Billy Miles,177.8,,170.0,Orthodox,1978-04-28
http://ufcstats.com/fighter-details/3c5005b66696d790,Anthony Ivy,187.96,187.96,185.0,Orthodox,1990-01-23
http://ufcstats.com/fighter-details/3c660c90d48fc80d,Tim Kennedy,180.34,187.96,185.0,Orthodox,1979-09-01
http://ufcstats.com/fighter-details/3c6976f8182d9527,Alexander Gustafsson,195.58,200.66,205.0,Orthodox,1987-01-15
http://ufcstats.com/fighter-details/3c8a5200436e19f3,Cameron Saaiman,172.72,170.18,135.0,Southpaw,2000-12-20
http://ufcstats.com/fighter-details/3c921b1a30fdcbdd,Mike Ricci,182.88,193.04,155.0,Southpaw,1986-03-18
http://ufcstats.com/fighter-details/3cc506f115cbb9d5,Mantas Kondratavicius,187.96,190.5,185.0,Orthodox,1999-07-17
http://ufcstats.com/fighter-details/3cf18e01cb6cbde3,Sumudaerji,172.72,182.88,125.0,Southpaw,1996-01-20
http://ufcstats.com/fighter-details/3cf66c62d9069f43,Lucie Pudilova,172.72,170.18,125.0,Orthodox,1994-06-13
http://ufcstats.com/fighter-details/3d074044a33825e7,Ramiz Brahimaj,177.8,182.88,170.0,Orthodox,1992-11-17
http://ufcstats.com/fighter-details/3d5b1ce6097dbb49,Augusto Mendes,167.64,165.1,135.0,Orthodox,1983-03-03
http://ufcstats.com/fighter-details/3d6749c4267da18f,Joanna Jedrzejczyk,167.64,165.1,115.0,Orthodox,1987-08-18
http://ufcstats.com/fighter-details/3da19339ee7051d5,Justin Martin,182.88,,185.0,,
http://ufcstats.com/fighter-details/3dc3022232b79c7a,Brian Foster,175.26,180.34,170.0,Orthodox,1984-04-03
http://ufcstats.com/fighter-details/3dd92ff9fb0412b3,Ali Bagautinov,162.56,165.1,125.0,Orthodox,1985-06-10
http://ufcstats.com/fighter-details/3dd949593346dbc3,Craig White,187.96,193.04,170.0,Orthodox,1990-07-01
http://ufcstats.com/fighter-details/3df223aeaacecf3f,Lucas Fernando,190.5,203.2,205.0,Orthodox,1997-01-10
http://ufcstats.com/fighter-details/3df5493bb279226f,Amanda Lemos,162.56,165.1,115.0,Southpaw,1987-05-22
http://ufcstats.com/fighter-details/3e03cec9767d37e6,He-Man Gipson,,,,,
http://ufcstats.com/fighter-details/3e514f437c51ce0a,Steven Graham,185.42,,290.0,Orthodox,
http://ufcstats.com/fighter-details/3e61082025db8137,Yosdenis Cedeno,172.72,175.26,155.0,Orthodox,1985-02-12
http://ufcstats.com/fighter-details/3e708ce33b6b18e6,Victor Martinez,170.18,177.8,155.0,Orthodox,1991-07-17
http://ufcstats.com/fighter-details/3e8118c1ab52f211,Tuco Tokkos,193.04,193.04,205.0,Orthodox,1990-06-30
http://ufcstats.com/fighter-details/3eb4dc9a7d4ac906,Ramona Pascual,170.18,167.64,135.0,Southpaw,1988-09-23
http://ufcstats.com/fighter-details/3ec1e4ba98c9c85a,JC Cottrell,175.26,,155.0,Orthodox,1989-11-04
http://ufcstats.com/fighter-details/3ecd936bd8814108,Cat Zingano,167.64,172.72,145.0,Southpaw,1982-07-01
http://ufcstats.com/fighter-details/3eeec2f53cebdf12,Jackson McVey,193.04,195.58,185.0,Southpaw,1999-03-25
http://ufcstats.com/fighter-details/3f11b5d4bd76a6d9,Damian Grabowski,185.42,190.5,241.0,Orthodox,1980-05-12
http://ufcstats.com/fighter-details/3f11fd1751fa83b1,Yizha,170.18,180.34,145.0,Orthodox,1997-01-08
http://ufcstats.com/fighter-details/3f1d23b01c552a13,Michael Graves,177.8,180.34,170.0,Orthodox,1991-01-08
http://ufcstats.com/fighter-details/3f24c96753dbd9f9,Scott Bessac,193.04,,245.0,,1965-10-05
http://ufcstats.com/fighter-details/3f4c3bc822bea45d,Melissa Martinez,157.48,167.64,115.0,Southpaw,1997-08-18
http://ufcstats.com/fighter-details/3f52ce18fb98008f,Akira Corassani,172.72,172.72,145.0,Orthodox,1982-08-27
http://ufcstats.com/fighter-details/3f56b99447f00607,Paul Redmond,177.8,,145.0,Orthodox,1986-10-20
http://ufcstats.com/fighter-details/3f7c14c7eca7195d,Roy Nelson,182.88,185.42,263.0,Orthodox,1976-06-20
http://ufcstats.com/fighter-details/3f7dab21b6c971bc,Dequan Townsend,190.5,200.66,205.0,Orthodox,1986-05-11
http://ufcstats.com/fighter-details/3fa7688bfe48a493,Yoshinori Horie,172.72,177.8,145.0,Orthodox,1995-05-10
http://ufcstats.com/fighter-details/3fa97913cfd205d3,Alessandro Costa,162.56,170.18,125.0,Orthodox,1996-01-28
http://ufcstats.com/fighter-details/3fed746acfd026dd,Todd Butler,185.42,,200.0,Southpaw,
http://ufcstats.com/fighter-details/40093d1d2d78394e,Charles Rosa,175.26,175.26,145.0,Switch,1986-08-24
http://ufcstats.com/fighter-details/40a456a25d52ee65,Rolando Bedoya,180.34,187.96,155.0,Orthodox,1997-01-13
http://ufcstats.com/fighter-details/40a604761ca7d64d,Din Thomas,175.26,,155.0,Orthodox,1976-09-28
http://ufcstats.com/fighter-details/40a7ec5d1ad6ffa8,Anna Melisano,162.56,172.72,125.0,Orthodox,1997-05-20
http://ufcstats.com/fighter-details/40cb680ae1cd331f,Yazmin Jauregui,160.02,162.56,115.0,Orthodox,1999-02-28
http://ufcstats.com/fighter-details/40d8b74488743800,Carlton Minus,177.8,190.5,170.0,Orthodox,1993-04-26
http://ufcstats.com/fighter-details/40f3cb27fc7305a1,Themba Gorimbo,185.42,195.58,170.0,Orthodox,1991-01-23
http://ufcstats.com/fighter-details/40ff198adda94b9f,Mark Eddiva,172.72,172.72,145.0,Orthodox,1986-02-16
http://ufcstats.com/fighter-details/4100c7a09497ad41,Kay Hansen,157.48,160.02,115.0,Orthodox,1999-08-14
http://ufcstats.com/fighter-details/411539901068522f,Jodie Esquibel,154.94,162.56,115.0,Orthodox,1986-05-07
http://ufcstats.com/fighter-details/411d012af19ecb59,Chris Spang,187.96,,170.0,Orthodox,1987-11-26
http://ufcstats.com/fighter-details/4123fd4dcc1fe937,David Terrell,185.42,,185.0,Southpaw,1978-01-09
http://ufcstats.com/fighter-details/4126a78111c0855a,Caio Borralho,185.42,190.5,185.0,Southpaw,1993-01-16
http://ufcstats.com/fighter-details/4130a743d9d22163,Alan Belcher,187.96,190.5,185.0,Orthodox,1984-04-24
http://ufcstats.com/fighter-details/4144798612ef96e5,Edmen Shahbazyan,187.96,187.96,185.0,Orthodox,1997-11-20
http://ufcstats.com/fighter-details/4148802ae4a50768,Daniel Zellhuber,185.42,195.58,155.0,Switch,1999-07-07
http://ufcstats.com/fighter-details/41498c2d1a87b154,Zviad Lazishvili,167.64,175.26,135.0,Orthodox,1991-10-25
http://ufcstats.com/fighter-details/41523699f37d400c,Sean King III,180.34,182.88,145.0,Orthodox,2003-10-17
http://ufcstats.com/fighter-details/41cc71cbf210e0fe,Hyder Amil,175.26,177.8,145.0,Switch,1990-05-28
http://ufcstats.com/fighter-details/41e77dc504a192c6,Chris Condo,182.88,,335.0,Orthodox,
http://ufcstats.com/fighter-details/41e83a89929d1327,Jailton Almeida,190.5,200.66,225.0,Orthodox,1991-06-26
http://ufcstats.com/fighter-details/41f90012b86a11bf,Raphael Pessoa,190.5,198.12,262.0,Orthodox,1989-03-09
http://ufcstats.com/fighter-details/42078a86d3dd037b,Rob Yundt,185.42,,185.0,Orthodox,1980-05-05
http://ufcstats.com/fighter-details/4234f0097c83fa62,Sijara Eubanks,162.56,170.18,125.0,Orthodox,1985-04-27
http://ufcstats.com/fighter-details/427b5953ac8e3a27,Demian Maia,185.42,182.88,170.0,Southpaw,1977-11-06
http://ufcstats.com/fighter-details/429e7d3725852ce9,Royce Gracie,185.42,,175.0,Southpaw,1966-12-12
http://ufcstats.com/fighter-details/42a7e90605df3c8a,Damian Stasiak,165.1,177.8,135.0,Orthodox,1990-02-20
http://ufcstats.com/fighter-details/42ac4020cba261ad,Caolan Loughran,167.64,172.72,135.0,Orthodox,1996-05-18
http://ufcstats.com/fighter-details/4304992c2acc187b,Bart Palaszewski,175.26,177.8,145.0,Orthodox,1983-05-30
http://ufcstats.com/fighter-details/4333a8e70a672eb7,Brogan Walker,162.56,170.18,125.0,Switch,1988-08-02
http://ufcstats.com/fighter-details/43563a32c3f10e95,Cyrille Diabate,198.12,205.74,205.0,Southpaw,1973-10-06
http://ufcstats.com/fighter-details/43612456979e5d5e,Steve Byrnes,182.88,,170.0,Orthodox,1979-08-26
http://ufcstats.com/fighter-details/436f970c9ea9169c,Gabriel Benitez,172.72,180.34,155.0,Southpaw,1988-06-15
http://ufcstats.com/fighter-details/43a59ce3bb40449e,Mizuki,160.02,165.1,115.0,Orthodox,1994-08-19
http://ufcstats.com/fighter-details/440c9dbab63528fb,Paul Herrera,177.8,,185.0,Orthodox,1964-02-21
http://ufcstats.com/fighter-details/4417980b3e798abf,Reuben Duran,170.18,180.34,135.0,Orthodox,1983-07-02
http://ufcstats.com/fighter-details/441eacbe20e0e80b,Augusto Sakai,190.5,195.58,265.0,Orthodox,1991-05-09
http://ufcstats.com/fighter-details/44260175069b6276,Jens Pulver,170.18,177.8,145.0,Southpaw,1974-12-06
http://ufcstats.com/fighter-details/442c9011034ae1fd,Ian Machado Garry,190.5,187.96,170.0,Orthodox,1997-11-17
http://ufcstats.com/fighter-details/443f60bec7c3c3d5,Michael McBride,185.42,,155.0,Orthodox,1986-03-09
http://ufcstats.com/fighter-details/44470bfd9483c7ad,Katsunori Kikuno,172.72,167.64,145.0,Orthodox,1981-10-31
http://ufcstats.com/fighter-details/445a98acb8985970,Falaniko Vitale,177.8,,185.0,Orthodox,1974-07-14
http://ufcstats.com/fighter-details/4461d7e47375a895,Tatsuro Taira,170.18,177.8,125.0,Orthodox,2000-01-27
http://ufcstats.com/fighter-details/447f9858ae78f921,Muslim Salikhov,180.34,177.8,170.0,Orthodox,1984-06-09
http://ufcstats.com/fighter-details/4498b382c65a7faa,Roxanne Modafferi,170.18,175.26,125.0,Orthodox,1982-09-24
http://ufcstats.com/fighter-details/449c890bd90f3374,Hector Sandoval,157.48,162.56,125.0,Orthodox,1986-07-19
http://ufcstats.com/fighter-details/44aa652b181bcf68,Marcelo Aguiar,177.8,,170.0,Orthodox,1969-01-20
http://ufcstats.com/fighter-details/44bc27bfa76dcd9e,Renee Forte,170.18,180.34,155.0,Orthodox,1987-03-27
http://ufcstats.com/fighter-details/44f9c777fed7ca03,Frank Caracci,,,,,1970-02-16
http://ufcstats.com/fighter-details/450bcab0968562c4,John Yannis,170.18,177.8,135.0,Southpaw,1994-07-07
http://ufcstats.com/fighter-details/45230be0641f3f53,Leonardo Morales,172.72,,135.0,Southpaw,1992-12-22
http://ufcstats.com/fighter-details/4565d435005319c0,Minoki Ichihara,170.18,,178.0,Orthodox,1968-06-30
http://ufcstats.com/fighter-details/459e4dc69ec669b2,Jason Novelli,182.88,,155.0,Orthodox,1979-06-08
http://ufcstats.com/fighter-details/45bc8f98d62bd096,Jordan Radev,170.18,,185.0,Southpaw,1976-09-28
http://ufcstats.com/fighter-details/45e738622ea2c02c,Timur Valiev,167.64,170.18,135.0,Orthodox,1990-01-19
http://ufcstats.com/fighter-details/45f0cc9d18f35137,Chris Gutierrez,175.26,170.18,135.0,Orthodox,1991-04-22
http://ufcstats.com/fighter-details/45f7cb591c3ab00b,Sean Brady,177.8,182.88,170.0,Orthodox,1992-11-23
http://ufcstats.com/fighter-details/4638cc6479cc0afe,Masio Fullen,177.8,177.8,145.0,Orthodox,1986-10-06
http://ufcstats.com/fighter-details/4665cbf36b08193b,Chris Avila,177.8,,145.0,Orthodox,1993-01-16
http://ufcstats.com/fighter-details/4665f9f909cd7214,Shinsho Anzai,170.18,177.8,170.0,Orthodox,1985-12-01
http://ufcstats.com/fighter-details/4679a38cced7c64a,Yuri Vaulin,193.04,,197.0,Southpaw,1963-09-13
http://ufcstats.com/fighter-details/4682bc59d5f55145,Sean Woodson,187.96,198.12,145.0,Orthodox,1992-06-07
http://ufcstats.com/fighter-details/4690d47bf725fd98,Gokhan Saki,182.88,185.42,205.0,Orthodox,1983-10-19
http://ufcstats.com/fighter-details/46a2f24feb258ae0,Valerie Letourneau,170.18,172.72,115.0,Orthodox,1983-04-29
http://ufcstats.com/fighter-details/46baf0f57edfa4df,Joey Beltran,185.42,190.5,185.0,Orthodox,1981-12-08
http://ufcstats.com/fighter-details/46c8ec317aff28ac,Patrick Smith,187.96,,225.0,Orthodox,1963-08-28
http://ufcstats.com/fighter-details/46d0a888d87d91ac,Abu Azaitar,175.26,193.04,185.0,Orthodox,1986-03-10
http://ufcstats.com/fighter-details/46e0d677f91bacc0,Miles Johns,170.18,172.72,135.0,Orthodox,1994-03-30
http://ufcstats.com/fighter-details/46e2011d92463b7e,Oumar Sy,193.04,210.82,205.0,Orthodox,1995-11-21
http://ufcstats.com/fighter-details/46e2ca71fd5089cb,Reese Andy,182.88,,205.0,Orthodox,1973-03-31
http://ufcstats.com/fighter-details/46f11d15c0134fe3,Larry Cureton,187.96,,240.0,Orthodox,
http://ufcstats.com/fighter-details/46fd223e3ced39b3,Ryan Couture,177.8,185.42,155.0,Orthodox,1982-08-27
http://ufcstats.com/fighter-details/470fedbc8563ac47,Daniel Omielanczuk,182.88,187.96,247.0,Southpaw,1982-08-31
http://ufcstats.com/fighter-details/4729c93ba705a3bf,Kiefer Crosbie,180.34,177.8,170.0,Switch,1990-04-05
http://ufcstats.com/fighter-details/472f6f6e6d962f40,Barb Honchak,162.56,165.1,125.0,Orthodox,1979-08-30
http://ufcstats.com/fighter-details/473ce3aa581251a2,Dan Hardy,182.88,187.96,170.0,Orthodox,1982-05-17
http://ufcstats.com/fighter-details/476414d2f18cd059,Andy Wang,167.64,,155.0,Orthodox,1977-05-28
http://ufcstats.com/fighter-details/476fe566d2df676e,Modestas Bukauskas,190.5,193.04,205.0,Switch,1994-02-10
http://ufcstats.com/fighter-details/4798e823ada58fe9,Veronica Hardy,162.56,162.56,125.0,Southpaw,1995-10-30
http://ufcstats.com/fighter-details/47b63240018d5d86,Rose Namajunas,165.1,165.1,125.0,Orthodox,1992-06-29
http://ufcstats.com/fighter-details/47b9e0e7703a4868,Jorge Masvidal,180.34,187.96,170.0,Orthodox,1984-11-12
http://ufcstats.com/fighter-details/47cd337b86b1af92,Zak Ottow,180.34,182.88,170.0,Orthodox,1986-12-22
http://ufcstats.com/fighter-details/480779d7f9a424d3,Mairon Santos,170.18,182.88,145.0,Orthodox,2000-06-10
http://ufcstats.com/fighter-details/480b702debcb5433,Dan Cramer,187.96,,170.0,Orthodox,1985-10-31
http://ufcstats.com/fighter-details/4834ff149dc9542a,Norifumi Yamamoto,162.56,167.64,135.0,Southpaw,1977-03-15
http://ufcstats.com/fighter-details/483a953b18d73bb3,Deron Winn,167.64,177.8,185.0,Orthodox,1989-06-13
http://ufcstats.com/fighter-details/484acc7b0f856ce9,Ben Saunders,187.96,195.58,170.0,Orthodox,1983-04-13
http://ufcstats.com/fighter-details/48812daf291a4e23,Mateus Mendonca,167.64,180.34,125.0,Orthodox,1999-01-17
http://ufcstats.com/fighter-details/48a9a128784d53d1,Elves Brener,177.8,182.88,155.0,Orthodox,1997-09-27
http://ufcstats.com/fighter-details/48d1f690b763934c,Chael Sonnen,185.42,185.42,205.0,Southpaw,1977-04-03
http://ufcstats.com/fighter-details/48e093ea1f43a053,Takeya Mizugaki,170.18,175.26,135.0,Orthodox,1983-12-16
http://ufcstats.com/fighter-details/48e96d9cea6d4ab0,Josh Clopton,167.64,,145.0,Orthodox,1981-07-11
http://ufcstats.com/fighter-details/4908c5ee68a50ee5,Brad Imes,200.66,,265.0,Orthodox,1977-03-13
http://ufcstats.com/fighter-details/492b202d2064e7a9,Fabricio Werdum,193.04,195.58,231.0,Orthodox,1977-07-30
http://ufcstats.com/fighter-details/4948e412fa6ab67d,Ravena Oliveira,165.1,165.1,115.0,Orthodox,1997-02-20
http://ufcstats.com/fighter-details/494b0bfdbac74502,Brendan O'Reilly,170.18,175.26,170.0,Orthodox,1987-06-24
http://ufcstats.com/fighter-details/49590e0508b2c19f,David Levicki,195.58,,275.0,,
http://ufcstats.com/fighter-details/4959f10a62f3fec3,Cheyanne Vlismas,160.02,160.02,115.0,Switch,1995-06-25
http://ufcstats.com/fighter-details/497ba5b12a4bfc47,Jason Brilz,180.34,180.34,205.0,Orthodox,1975-07-07
http://ufcstats.com/fighter-details/4985113c0928aa62,Jackie Lee,,,,,
http://ufcstats.com/fighter-details/49858bf46dabf6fb,Nordine Taleb,185.42,187.96,170.0,Orthodox,1981-06-10
http://ufcstats.com/fighter-details/49a74b9fb2e45fdf,Neil Seery,162.56,162.56,125.0,Orthodox,1979-08-30
http://ufcstats.com/fighter-details/49b130de1da2e1bf,Sarah Alpar,162.56,160.02,135.0,Southpaw,1991-06-01
http://ufcstats.com/fighter-details/49d2a08964c5eb11,Nursulton Ruziboev,195.58,193.04,185.0,Orthodox,1993-11-19
http://ufcstats.com/fighter-details/49e49b54e5901d0d,Eddie Mendez,177.8,,185.0,,1984-01-16
http://ufcstats.com/fighter-details/49e96ff8ab781589,Tyson Pedro,190.5,200.66,205.0,Orthodox,1991-09-17
http://ufcstats.com/fighter-details/49edd0d90f60fb7d,Brendson Ribeiro,190.5,205.74,205.0,Orthodox,1996-09-08
http://ufcstats.com/fighter-details/49ee5024966efc0d,Mounir Lazzez,185.42,193.04,170.0,Orthodox,1987-11-16
http://ufcstats.com/fighter-details/49efbdc6c9f650c4,Icho Larenas,190.5,,235.0,Orthodox,1980-03-12
http://ufcstats.com/fighter-details/49f4b511932f71e9,David Michaud,175.26,,155.0,Orthodox,1988-11-10
http://ufcstats.com/fighter-details/49f78022126bf4a4,Cesar Arzamendia,180.34,,155.0,Orthodox,1991-01-31
http://ufcstats.com/fighter-details/4a01dc8376736ef5,John Lewis,182.88,,155.0,Southpaw,
http://ufcstats.com/fighter-details/4a043165cf47cab2,Juancamilo Ronderos,160.02,162.56,125.0,Southpaw,1995-02-17
http://ufcstats.com/fighter-details/4a07b1988477502c,Seokhyeon Ko,177.8,180.34,170.0,Southpaw,1993-09-24
http://ufcstats.com/fighter-details/4a1329cc8eb0928a,Maximo Blanco,172.72,180.34,145.0,Orthodox,1983-10-16
http://ufcstats.com/fighter-details/4a28cb716c19157a,Stephen Thompson,182.88,190.5,170.0,Orthodox,1983-02-11
http://ufcstats.com/fighter-details/4a574b8512fc1b30,Javier Reyes,170.18,185.42,145.0,Orthodox,1993-10-13
http://ufcstats.com/fighter-details/4a57ebb14315b251,Randa Markos,162.56,160.02,115.0,Orthodox,1985-08-10
http://ufcstats.com/fighter-details/4a6dff1b260bcf61,Aleksandre Topuria,170.18,172.72,135.0,Orthodox,1996-01-28
http://ufcstats.com/fighter-details/4aa58269d0664b5b,Matthew Semelsberger,185.42,190.5,170.0,Switch,1992-11-23
http://ufcstats.com/fighter-details/4ac1ecf8ce59ef23,Jason Saggo,180.34,180.34,155.0,Orthodox,1985-11-23
http://ufcstats.com/fighter-details/4ae4049426e0161d,Alexis Dufresne,175.26,,135.0,Orthodox,1990-08-31
http://ufcstats.com/fighter-details/4b1d46a1b5c0fd11,Alberto Mina,182.88,195.58,170.0,Orthodox,1982-05-02
http://ufcstats.com/fighter-details/4b4753d19489297f,Anthony Perosh,190.5,190.5,205.0,Orthodox,1972-10-05
http://ufcstats.com/fighter-details/4b47e71384a9522f,Tim Means,187.96,190.5,170.0,Orthodox,1984-02-20
http://ufcstats.com/fighter-details/4b4fc3ddc307bc73,James Zikic,187.96,,205.0,Orthodox,1977-03-01
http://ufcstats.com/fighter-details/4b85abc5abbe657c,Jefferson Nascimento,172.72,177.8,170.0,Orthodox,1998-11-19
http://ufcstats.com/fighter-details/4b8fb0453a596b8e,Hector Urbina,180.34,185.42,170.0,Orthodox,1987-09-17
http://ufcstats.com/fighter-details/4b93a88f3b1de35b,Michael Chandler,172.72,180.34,155.0,Orthodox,1986-04-24
http://ufcstats.com/fighter-details/4ba8d454f762005d,Zak Cummings,182.88,190.5,205.0,Southpaw,1984-08-02
http://ufcstats.com/fighter-details/4bcb6eb12b4ad4aa,Vitor Miranda,185.42,195.58,185.0,Orthodox,1979-03-10
http://ufcstats.com/fighter-details/4bd6b4800070b069,Chas Skelly,180.34,182.88,145.0,Orthodox,1985-05-11
http://ufcstats.com/fighter-details/4bdedbdeedff7d1d,Bolaji Oki,177.8,185.42,155.0,Orthodox,1995-11-15
http://ufcstats.com/fighter-details/4bf6b225ff6099c4,Domingo Pilarte,182.88,185.42,135.0,Southpaw,1990-01-05
http://ufcstats.com/fighter-details/4c288a2b250bb576,Luke Jumeau,180.34,182.88,170.0,Orthodox,1988-02-12
http://ufcstats.com/fighter-details/4c2d90e335e6df19,Alexis Davis,167.64,172.72,135.0,Orthodox,1984-10-04
http://ufcstats.com/fighter-details/4c7781da8c6cae93,Ryan LaFlare,185.42,187.96,170.0,Southpaw,1983-10-01
http://ufcstats.com/fighter-details/4c805f5f58a75df0,Mikey Burnett,167.64,,170.0,Orthodox,1974-04-12
http://ufcstats.com/fighter-details/4c88a1db5a46c6a4,Jai Herbert,185.42,195.58,155.0,Orthodox,1988-05-13
http://ufcstats.com/fighter-details/4c8d6fde2dde07c4,Dan Lauzon,177.8,,155.0,Orthodox,1988-03-30
http://ufcstats.com/fighter-details/4cd8b03aee1d0138,Shane Young,172.72,182.88,145.0,Orthodox,1993-07-31
http://ufcstats.com/fighter-details/4d44f37107f01b9b,Tom Lawlor,182.88,187.96,205.0,Southpaw,1983-05-15
http://ufcstats.com/fighter-details/4d5197f331c47290,Paige VanZant,162.56,165.1,115.0,Orthodox,1994-03-26
http://ufcstats.com/fighter-details/4d74641fac830182,Brad Gumm,180.34,,170.0,Orthodox,
http://ufcstats.com/fighter-details/4d8fa64202cee4c1,Jalin Turner,190.5,195.58,155.0,Southpaw,1995-05-18
http://ufcstats.com/fighter-details/4dc496aa0cfc0d95,Harry Moskowitz,195.58,,275.0,Orthodox,
http://ufcstats.com/fighter-details/4dcfb28c011c11b2,Wellington Turman,182.88,182.88,170.0,Orthodox,1996-07-22
http://ufcstats.com/fighter-details/4e06913c91da5200,Krzysztof Jotko,185.42,195.58,185.0,Southpaw,1989-08-19
http://ufcstats.com/fighter-details/4e0692ad070976e4,Lyman Good,182.88,187.96,170.0,Orthodox,1985-05-26
http://ufcstats.com/fighter-details/4e30e4250cb08b61,Loma Lookboonmee,154.94,154.94,115.0,Orthodox,1996-01-18
http://ufcstats.com/fighter-details/4e6738062d469256,Sedriques Dumas,187.96,200.66,185.0,Orthodox,1995-08-06
http://ufcstats.com/fighter-details/4e9fb05d7e5e61b8,Wesley Correira,190.5,,260.0,Orthodox,1978-11-11
http://ufcstats.com/fighter-details/4f11e9ce318ffbcb,Anthony Christodoulou,175.26,,155.0,Orthodox,1987-07-30
http://ufcstats.com/fighter-details/4f140403000158b5,Herbert Burns,175.26,185.42,145.0,Orthodox,1988-02-02
http://ufcstats.com/fighter-details/4f2fcbefb668689d,Jake Rosholt,185.42,,185.0,Orthodox,1982-02-09
http://ufcstats.com/fighter-details/4f3064faf17aa711,Tamires Vidal,167.64,172.72,135.0,Orthodox,1998-07-27
http://ufcstats.com/fighter-details/4f4dac51adc1af4f,Diego Saraiva,167.64,,155.0,Orthodox,1982-04-23
http://ufcstats.com/fighter-details/4f732e58ed907eff,Ross Pearson,172.72,175.26,155.0,Orthodox,1984-09-26
http://ufcstats.com/fighter-details/4f736494fc733095,Carlos Eduardo Rocha,177.8,185.42,170.0,Orthodox,1981-07-12
http://ufcstats.com/fighter-details/4f74c8be51db8a37,Daiju Takase,182.88,,170.0,Southpaw,1978-04-20
http://ufcstats.com/fighter-details/4f853e98886283cf,Carlo Prater,180.34,182.88,155.0,Switch,1981-06-25
http://ufcstats.com/fighter-details/4f95f74620a6b7a4,David Heath,180.34,182.88,205.0,Orthodox,1976-02-10
http://ufcstats.com/fighter-details/4fcf6e0c4e0e6664,Izabela Badurek,165.1,,115.0,Orthodox,1991-07-11
http://ufcstats.com/fighter-details/501b07aec9b8fc2d,Sam Stout,175.26,177.8,155.0,Orthodox,1984-04-23
http://ufcstats.com/fighter-details/505934897b8b4824,Thaddeus Luster,190.5,,210.0,,
http://ufcstats.com/fighter-details/5078e1dacf9d25f4,Luana Santos,167.64,170.18,135.0,Orthodox,2000-04-16
http://ufcstats.com/fighter-details/5095b0920a3602aa,Blake Bilder,172.72,172.72,145.0,Switch,1990-07-12
http://ufcstats.com/fighter-details/50a28b9f8314e008,Saidyokub Kakhramonov,172.72,175.26,135.0,Orthodox,1995-11-14
http://ufcstats.com/fighter-details/50cc91ce2982785d,Ricco Rodriguez,193.04,,265.0,Orthodox,1977-08-19
http://ufcstats.com/fighter-details/50d2f0018bcf9eef,Pat Healy,182.88,182.88,155.0,Orthodox,1983-07-20
http://ufcstats.com/fighter-details/50db8711c70196cd,Ovince Saint Preux,190.5,203.2,205.0,Southpaw,1983-04-08
http://ufcstats.com/fighter-details/51018a31ddf31eb2,Molly McCann,162.56,157.48,115.0,Orthodox,1990-05-04
http://ufcstats.com/fighter-details/5114f1b5ad4cdf72,Shane Primm,190.5,,205.0,Orthodox,1984-07-30
http://ufcstats.com/fighter-details/511e82663651438d,Michael Johnson,177.8,185.42,155.0,Southpaw,1986-06-04
http://ufcstats.com/fighter-details/513c6f1715e547a8,Brock Lesnar,190.5,205.74,265.0,Orthodox,1977-07-12
http://ufcstats.com/fighter-details/5140122c3eecd307,Daichi Abe,180.34,180.34,170.0,Orthodox,1991-11-27
http://ufcstats.com/fighter-details/5182316da3c1d891,Bilal Hasan,170.18,177.8,125.0,Switch,2001-07-16
http://ufcstats.com/fighter-details/519e4fe37ce9ff75,Drew Dober,172.72,177.8,155.0,Southpaw,1988-10-19
http://ufcstats.com/fighter-details/51a0c09cbe9b8472,Liz Carmouche,167.64,167.64,125.0,Orthodox,1984-02-19
http://ufcstats.com/fighter-details/51b0bb73a1da34bc,Mike Ciesnolevicz,182.88,,235.0,Orthodox,1979-10-28
http://ufcstats.com/fighter-details/51b1e2fd9872005b,Mackens Semerzier,175.26,182.88,145.0,Orthodox,1980-11-03
http://ufcstats.com/fighter-details/51c655162e462ceb,Shannon Ross,167.64,167.64,125.0,Switch,1989-05-12
http://ufcstats.com/fighter-details/51e2f44a8dbf6984,Melissa Croden,175.26,172.72,135.0,Orthodox,1991-04-12
http://ufcstats.com/fighter-details/51e86de150ee8be6,Thibault Gouti,177.8,182.88,155.0,Orthodox,1987-02-27
http://ufcstats.com/fighter-details/51ec9dc3b4964f19,Gianni Vazquez,170.18,180.34,135.0,Orthodox,1994-07-17
http://ufcstats.com/fighter-details/523af801b3429015,Allan Zuniga,170.18,177.8,155.0,Orthodox,1992-04-04
http://ufcstats.com/fighter-details/523f6ad11dbe9b53,Hans Stringer,190.5,,205.0,Orthodox,1987-07-06
http://ufcstats.com/fighter-details/523fa774700d7d3f,Court McGee,180.34,190.5,170.0,Orthodox,1984-12-12
http://ufcstats.com/fighter-details/528b071cf3da7c56,Luana Carolina,167.64,175.26,135.0,Orthodox,1993-06-11
http://ufcstats.com/fighter-details/528c24b99fbaab79,Johnny Eduardo,170.18,180.34,135.0,Orthodox,1978-08-03
http://ufcstats.com/fighter-details/52b6bf4528130e86,Shem Rock,180.34,185.42,155.0,Southpaw,1993-11-05
http://ufcstats.com/fighter-details/52ba464d9068d871,Elias Silverio,180.34,185.42,155.0,Orthodox,1986-09-22
http://ufcstats.com/fighter-details/52c2ae6d2f2d2613,Youssef Zalal,177.8,182.88,145.0,Switch,1996-09-04
http://ufcstats.com/fighter-details/52cae54377b433b7,Nate Quarry,182.88,182.88,185.0,Open Stance,1972-03-18
http://ufcstats.com/fighter-details/52e76bb4b3e852f3,Antonio Carlos Junior,187.96,200.66,185.0,Orthodox,1990-03-16
http://ufcstats.com/fighter-details/52ef95b5860fb28c,Jean Silva,170.18,175.26,145.0,Orthodox,1996-12-27
http://ufcstats.com/fighter-details/530af2900b5a1693,Dom Mar Fan,180.34,190.5,155.0,Orthodox,2000-03-19
http://ufcstats.com/fighter-details/53278852bcd91e11,Igor Pokrajac,182.88,187.96,205.0,Orthodox,1979-01-02
http://ufcstats.com/fighter-details/5330fe7e4c3af81c,Floyd Sword,182.88,,185.0,Orthodox,1976-08-24
http://ufcstats.com/fighter-details/5331b25a60417ffb,Anthony Rocco Martin,182.88,185.42,170.0,Orthodox,1989-12-11
http://ufcstats.com/fighter-details/539ed332b3078821,Sarah Moras,170.18,170.18,135.0,Orthodox,1988-04-30
http://ufcstats.com/fighter-details/53bb0d40905b87c0,Jay Silva,187.96,,185.0,Southpaw,1981-05-25
http://ufcstats.com/fighter-details/53c10176e3bc7416,Felipe Bunes,170.18,175.26,125.0,Orthodox,1989-10-29
http://ufcstats.com/fighter-details/53c943c873cffe90,Philipe Lins,187.96,198.12,205.0,Orthodox,1985-08-17
http://ufcstats.com/fighter-details/53e533db1b8e9712,Jack Nilson,,,,,
http://ufcstats.com/fighter-details/53ec9cb470e1a4ea,Jon Tuck,180.34,185.42,155.0,Orthodox,1984-08-28
http://ufcstats.com/fighter-details/53f84637dfffab7a,Eric Wisely,172.72,,145.0,Southpaw,1984-07-25
http://ufcstats.com/fighter-details/5431dccc09118234,Lance Benoist,180.34,182.88,170.0,Southpaw,1988-08-26
http://ufcstats.com/fighter-details/5442f1bc4b47eaf3,Chris Curtis,177.8,190.5,170.0,Orthodox,1987-07-15
http://ufcstats.com/fighter-details/5444c5a201d3ee5a,Jamahal Hill,193.04,200.66,205.0,Southpaw,1991-05-19
http://ufcstats.com/fighter-details/544d7460b3e44393,Albert Morales,175.26,182.88,135.0,Orthodox,1991-05-25
http://ufcstats.com/fighter-details/545092d13c67aa49,Alexia Thainara,162.56,170.18,115.0,Orthodox,1995-11-20
http://ufcstats.com/fighter-details/54578e5927adea53,Richie Vaculik,167.64,175.26,125.0,Orthodox,1983-06-19
http://ufcstats.com/fighter-details/546015aa2ad945fd,Rory Singer,187.96,195.58,185.0,Orthodox,1976-05-28
http://ufcstats.com/fighter-details/546f8599a63c29da,Robert Sanchez,167.64,167.64,125.0,Orthodox,1986-03-05
http://ufcstats.com/fighter-details/547afe1017e72dbe,Phil Hawes,182.88,195.58,185.0,Orthodox,1989-01-08
http://ufcstats.com/fighter-details/54ed8dc6f8c31207,Gilbert Smith,175.26,,185.0,Southpaw,1981-10-19
http://ufcstats.com/fighter-details/54f64b5e283b0ce7,Ilia Topuria,170.18,175.26,155.0,Orthodox,1997-01-21
http://ufcstats.com/fighter-details/5537efc6e496dd84,Aaron Pico,172.72,177.8,145.0,Orthodox,1996-09-23
http://ufcstats.com/fighter-details/5580771f383e141f,Jesse Ronson,177.8,177.8,155.0,Southpaw,1985-12-24
http://ufcstats.com/fighter-details/55a7b2d4e54ffac9,Ryo Chonan,175.26,177.8,170.0,Orthodox,1976-10-08
http://ufcstats.com/fighter-details/55ed59d541f8b90c,Rolando Dy,172.72,175.26,145.0,Orthodox,1990-08-11
http://ufcstats.com/fighter-details/55ee431411ccf07a,Olivier Aubin-Mercier,175.26,177.8,155.0,Southpaw,1989-02-23
http://ufcstats.com/fighter-details/55f446032177b119,Chris Beal,170.18,175.26,125.0,Orthodox,1985-08-06
http://ufcstats.com/fighter-details/55f80a8aeffcdb33,Dustin Pague,175.26,187.96,135.0,Orthodox,1987-08-05
http://ufcstats.com/fighter-details/55fa6ce3e522c8bb,Zhalgas Zhumagulov,162.56,167.64,125.0,Switch,1988-08-29
http://ufcstats.com/fighter-details/56116a79e4deed06,Claude Patrick,180.34,190.5,170.0,Orthodox,1980-06-14
http://ufcstats.com/fighter-details/563a1d42bb0e3cef,Tre'ston Vines,185.42,200.66,185.0,Orthodox,1996-06-18
http://ufcstats.com/fighter-details/564c2f5f9eb45d67,Mike King,190.5,,185.0,,1983-08-04
http://ufcstats.com/fighter-details/5669b828e7e11329,David Kaplan,170.18,,155.0,Orthodox,1979-11-16
http://ufcstats.com/fighter-details/56709e66f1c6008f,Cole Smith,180.34,170.18,135.0,Orthodox,1989-04-05
http://ufcstats.com/fighter-details/568bbad0eaced57c,Shanna Young,170.18,165.1,125.0,Orthodox,1991-02-20
http://ufcstats.com/fighter-details/56b8b24f65f9f057,Mike Kyle,193.04,195.58,205.0,Orthodox,1980-03-31
http://ufcstats.com/fighter-details/56bc9ccb609df534,Chuck O'Neil,187.96,,170.0,,1985-09-22
http://ufcstats.com/fighter-details/56bf3ed155bd0fcd,Alexander Poppeck,187.96,190.5,215.0,Orthodox,1992-04-06
http://ufcstats.com/fighter-details/56c9acc4e86046a2,Chris Kelades,170.18,172.72,125.0,Orthodox,1981-02-21
http://ufcstats.com/fighter-details/56f4b81ec4db61af,Courtney Turner,187.96,,170.0,,
http://ufcstats.com/fighter-details/56f7d7ee06be4aab,Zac Pauga,187.96,193.04,205.0,Orthodox,1988-02-25
http://ufcstats.com/fighter-details/56fcb2c4d99f9d1b,Mike Grundy,170.18,182.88,145.0,Orthodox,1987-01-03
http://ufcstats.com/fighter-details/5713c1d2fac539ac,Cody East,190.5,,245.0,Orthodox,1988-06-29
http://ufcstats.com/fighter-details/57186c150c645200,Jeka Saragih,172.72,175.26,145.0,Orthodox,1995-01-01
http://ufcstats.com/fighter-details/5731cc327790b731,Matt Veach,180.34,,155.0,Orthodox,1981-05-31
http://ufcstats.com/fighter-details/575360be653ad6a6,Hernani Perpetuo,182.88,,170.0,Orthodox,1985-05-24
http://ufcstats.com/fighter-details/5755960ebd0b16f6,Ivan Menjivar,167.64,162.56,145.0,Orthodox,1982-05-30
http://ufcstats.com/fighter-details/577ec7e108b94be3,Rainy Martinez,182.88,,199.0,Orthodox,
http://ufcstats.com/fighter-details/57887765f831e228,Roldan Sangcha'an,162.56,,125.0,Orthodox,1990-12-04
http://ufcstats.com/fighter-details/578ef12674df1e6a,Irene Aldana,175.26,172.72,135.0,Orthodox,1988-03-26
http://ufcstats.com/fighter-details/579fcdfcabd23a7b,Brian Stann,185.42,187.96,205.0,Orthodox,1980-09-24
http://ufcstats.com/fighter-details/57ab4d7c0bc09a30,Zach Makovsky,162.56,162.56,125.0,Southpaw,1983-04-19
http://ufcstats.com/fighter-details/57b10fca4f9c9a7a,Alex Oliveira,180.34,193.04,170.0,Orthodox,1988-02-21
http://ufcstats.com/fighter-details/57bad6a84230f0c9,Tony Sims,180.34,177.8,155.0,Southpaw,1985-10-14
http://ufcstats.com/fighter-details/57bf89d42364d39e,Issei Tamura,165.1,160.02,135.0,Orthodox,1984-03-12
http://ufcstats.com/fighter-details/5823ceab56741617,Jonathan Meunier,190.5,,170.0,Switch,1987-08-04
http://ufcstats.com/fighter-details/583ee11abddfc581,Nate Landwehr,175.26,182.88,145.0,Orthodox,1988-06-06
http://ufcstats.com/fighter-details/5847c1a960bb23af,Marina Spasic,162.56,162.56,115.0,Orthodox,1994-07-11
http://ufcstats.com/fighter-details/5866fc86183a9fb8,Erick Silva,182.88,187.96,170.0,Orthodox,1984-06-21
http://ufcstats.com/fighter-details/5870c541798124ae,Manoel Sousa,175.26,177.8,155.0,Orthodox,1997-06-04
http://ufcstats.com/fighter-details/5898357a45a73674,Sione Latu,182.88,,215.0,,
http://ufcstats.com/fighter-details/58bbef3770bb2dfc,Joel Alvarez,190.5,195.58,170.0,Orthodox,1993-03-02
http://ufcstats.com/fighter-details/58bc81376286b3d3,Per Eklund,177.8,182.88,155.0,Orthodox,1980-11-12
http://ufcstats.com/fighter-details/5904b0b38dc6718d,Cody Pfister,177.8,185.42,155.0,Orthodox,1990-07-12
http://ufcstats.com/fighter-details/59279a7c978f7da0,Al Iaquinta,177.8,177.8,155.0,Orthodox,1987-04-30
http://ufcstats.com/fighter-details/59583ff832fe9d68,Krzysztof Soszynski,185.42,195.58,205.0,Open Stance,1977-08-02
http://ufcstats.com/fighter-details/595db60957de51d3,Michel Pereira,185.42,185.42,185.0,Orthodox,1993-10-06
http://ufcstats.com/fighter-details/597499ac7a5aac62,Abdul-Kareem Al-Selwady,172.72,175.26,155.0,Orthodox,1995-04-10
http://ufcstats.com/fighter-details/597db668b01c442c,Marco Ruas,185.42,,210.0,Orthodox,1961-01-23
http://ufcstats.com/fighter-details/5987b2458f4b5290,Ricky Simon,167.64,175.26,135.0,Orthodox,1992-08-31
http://ufcstats.com/fighter-details/598a58db87b890ee,Kevin Rosier,193.04,,275.0,Orthodox,
http://ufcstats.com/fighter-details/59a27d2e6d0802ac,Max Rohskopf,185.42,180.34,155.0,Orthodox,1994-09-27
http://ufcstats.com/fighter-details/59aaf2730b84698a,Jesse Sanders,182.88,,170.0,Orthodox,
http://ufcstats.com/fighter-details/59c438c81fbf3ece,Tereza Bleda,175.26,180.34,125.0,Orthodox,2001-11-30
http://ufcstats.com/fighter-details/5a558ba1ff5e9121,Darrill Schoonover,187.96,,220.0,Orthodox,1985-07-18
http://ufcstats.com/fighter-details/5a6e4d2f0c76a242,Manuel Rodriguez,175.26,,170.0,Orthodox,1985-04-25
http://ufcstats.com/fighter-details/5abf827d62f98fee,Clifford Starks,182.88,198.12,185.0,Orthodox,1981-04-25
http://ufcstats.com/fighter-details/5aedf14771ca82d2,Wilson Reis,162.56,165.1,125.0,Southpaw,1985-01-06
http://ufcstats.com/fighter-details/5af480a3b2e1726b,David Hood,182.88,,200.0,,
http://ufcstats.com/fighter-details/5b03b61f9d90125e,Morgan Charriere,172.72,175.26,145.0,Orthodox,1995-10-26
http://ufcstats.com/fighter-details/5b2325cd70dbe2ea,Talita Bernardo,162.56,172.72,135.0,Orthodox,1987-03-04
http://ufcstats.com/fighter-details/5b2d7906aa894274,Mike Massenzio,187.96,185.42,185.0,Southpaw,1982-11-01
http://ufcstats.com/fighter-details/5b407acfe0ef9b76,Nick Osipczak,187.96,193.04,170.0,Orthodox,1984-12-30
http://ufcstats.com/fighter-details/5b43d68174b6e2ab,Losene Keita,170.18,182.88,145.0,Orthodox,1997-12-30
http://ufcstats.com/fighter-details/5b5307450405abf0,Rick Story,175.26,180.34,170.0,Southpaw,1984-08-28
http://ufcstats.com/fighter-details/5b5b9c6f6f270369,Kristof Midoux,185.42,,220.0,Orthodox,1974-07-30
http://ufcstats.com/fighter-details/5b86d491d63890c5,Ludovit Klein,170.18,182.88,155.0,Southpaw,1995-02-22
http://ufcstats.com/fighter-details/5b8ba8f5512893b1,Matt Sayles,170.18,172.72,155.0,Orthodox,1994-02-21
http://ufcstats.com/fighter-details/5bb0a618ad03ac64,Jay Hieron,182.88,190.5,170.0,Orthodox,1976-07-29
http://ufcstats.com/fighter-details/5bd533d50c8e7b8a,Chris Haseman,180.34,,205.0,Orthodox,1969-06-02
http://ufcstats.com/fighter-details/5be51426ff3c1929,Stan Dorsainvil,175.26,193.04,155.0,Orthodox,2000-05-12
http://ufcstats.com/fighter-details/5be86bb2f78fef2f,Jason Lambert,190.5,190.5,185.0,Orthodox,1975-06-03
http://ufcstats.com/fighter-details/5bf31a46becc1204,Michael Trizano,180.34,180.34,145.0,Orthodox,1991-12-31
http://ufcstats.com/fighter-details/5c10da56d712ac9c,Khusein Askhabov,172.72,175.26,145.0,Orthodox,1995-02-13
http://ufcstats.com/fighter-details/5c126c6aac3ef364,Poliana Botelho,172.72,170.18,125.0,Orthodox,1988-12-15
http://ufcstats.com/fighter-details/5c1ca0c72b599a3c,Rafael Cavalcante,185.42,187.96,205.0,Orthodox,1980-04-14
http://ufcstats.com/fighter-details/5c2ce761399dc9c5,Marcin Bandel,177.8,,155.0,Orthodox,1989-10-10
http://ufcstats.com/fighter-details/5c637af9472ae7cc,Jamey-Lyn Horth,170.18,167.64,125.0,Orthodox,1990-03-30
http://ufcstats.com/fighter-details/5c84f673b7bb7c15,Cameron Smotherman,175.26,175.26,135.0,Orthodox,1997-09-17
http://ufcstats.com/fighter-details/5ca158b1cc9cb242,Jason Godsey,187.96,,230.0,Orthodox,1964-01-01
http://ufcstats.com/fighter-details/5cafbc97dba2e797,Robert McDaniel,190.5,190.5,185.0,Southpaw,1983-05-03
http://ufcstats.com/fighter-details/5cdf5339728f580d,Felipe dos Santos,170.18,177.8,125.0,Orthodox,2000-09-11
http://ufcstats.com/fighter-details/5d1b7e3dd9e11074,Manel Kape,165.1,172.72,125.0,Southpaw,1993-11-14
http://ufcstats.com/fighter-details/5d495dec23d7c68e,Francis Marshall,175.26,182.88,155.0,Orthodox,1999-03-03
http://ufcstats.com/fighter-details/5d7bdab5e03e3216,CB Dollaway,187.96,193.04,185.0,Orthodox,1983-08-10
http://ufcstats.com/fighter-details/5d7c18191b8aa432,Zach Light,172.72,,170.0,Orthodox,1974-02-06
http://ufcstats.com/fighter-details/5d8006587d6a6711,Isaac Thomson,177.8,175.26,145.0,,2002-05-03
http://ufcstats.com/fighter-details/5da33b8fbfa5ee95,William Knight,177.8,185.42,205.0,Orthodox,1988-04-03
http://ufcstats.com/fighter-details/5dd180c8b3196786,Gloria de Paula,165.1,170.18,115.0,Orthodox,1995-06-10
http://ufcstats.com/fighter-details/5df17b3620145578,Cole Escovedo,170.18,182.88,135.0,Orthodox,1981-08-30
http://ufcstats.com/fighter-details/5dfe71ade71f3a4b,Rosi Sexton,160.02,,135.0,Orthodox,1977-07-16
http://ufcstats.com/fighter-details/5e4eec08896c9423,Corey Anderson,190.5,200.66,205.0,Orthodox,1989-09-22
http://ufcstats.com/fighter-details/5e6294b37bbef029,Stephanie Egger,167.64,172.72,135.0,Orthodox,1988-08-12
http://ufcstats.com/fighter-details/5e84a859c6a82288,Michel Quinones,177.8,185.42,155.0,Orthodox,1984-12-22
http://ufcstats.com/fighter-details/5e9ca8dd7d783a75,Alden Coria,172.72,170.18,125.0,Orthodox,1998-04-24
http://ufcstats.com/fighter-details/5ea918ea81b7dee2,Yao Zhikui,165.1,162.56,125.0,Orthodox,1991-02-07
http://ufcstats.com/fighter-details/5eb50529a8418b77,Gabe Green,177.8,185.42,155.0,Switch,1993-05-02
http://ufcstats.com/fighter-details/5ec591b78349ba7e,Christian Rodriguez,170.18,180.34,145.0,Orthodox,1997-12-17
http://ufcstats.com/fighter-details/5eedbf1e9601be35,Brock Larson,180.34,180.34,170.0,Southpaw,1977-08-23
http://ufcstats.com/fighter-details/5ef0088c1b19beeb,Bryan Caraway,172.72,172.72,135.0,Orthodox,1984-08-04
http://ufcstats.com/fighter-details/5ef94841c4bc3f86,Edgar Chairez,170.18,180.34,125.0,Orthodox,1996-01-27
http://ufcstats.com/fighter-details/5f04e3d58d9ce982,Yves Edwards,175.26,185.42,155.0,Southpaw,1976-09-30
http://ufcstats.com/fighter-details/5f179af5fffeb9f6,Cortney Casey,170.18,170.18,125.0,Orthodox,1987-05-05
http://ufcstats.com/fighter-details/5f2f0da6fd6a84fd,Andrei Semenov,182.88,,185.0,Orthodox,1977-06-17
http://ufcstats.com/fighter-details/5f3805dda9661cba,Jason Witt,177.8,177.8,170.0,Orthodox,1986-11-07
http://ufcstats.com/fighter-details/5f3da9a9610d8969,Cameron Else,175.26,180.34,135.0,Switch,1987-04-27
http://ufcstats.com/fighter-details/5f6038bcdb95e3e4,John Kolosci,180.34,,185.0,Orthodox,1974-11-26
http://ufcstats.com/fighter-details/5f61780fe5e9b6d0,Andre Petroski,182.88,185.42,185.0,Switch,1991-06-12
http://ufcstats.com/fighter-details/5f6f049d54728e88,Andre Ewell,172.72,190.5,145.0,Southpaw,1988-01-21
http://ufcstats.com/fighter-details/5f87a5c00b3d17ed,Dennis Siver,167.64,177.8,145.0,Orthodox,1979-01-13
http://ufcstats.com/fighter-details/5f926979c980b87e,Borislav Nikolic,175.26,182.88,135.0,Orthodox,1993-01-29
http://ufcstats.com/fighter-details/5f99b2bafb10305f,Daron Cruickshank,172.72,182.88,155.0,Switch,1985-06-11
http://ufcstats.com/fighter-details/5fa2974cbd18e05c,John Castaneda,167.64,180.34,135.0,Switch,1991-12-18
http://ufcstats.com/fighter-details/5fceb45939fc0c8a,Tom Niinimaki,175.26,175.26,145.0,Orthodox,1982-07-25
http://ufcstats.com/fighter-details/60029bcf496bd707,Soa Palelei,193.04,205.74,265.0,Orthodox,1977-07-12
http://ufcstats.com/fighter-details/6014d25e73b669c9,Keiichiro Yamamiya,180.34,,185.0,Southpaw,1972-07-12
http://ufcstats.com/fighter-details/60193e707634e560,Montse Rendon,172.72,172.72,135.0,Orthodox,1989-03-16
http://ufcstats.com/fighter-details/601964f9654f911a,Tony Gravely,165.1,175.26,135.0,Orthodox,1991-09-28
http://ufcstats.com/fighter-details/601cf40c09090853,Josh Stuart,175.26,,160.0,,
http://ufcstats.com/fighter-details/60425d07ef4b91a7,Kyler Phillips,172.72,182.88,135.0,Orthodox,1995-06-12
http://ufcstats.com/fighter-details/6085ceb59087514b,Steve Lopez,180.34,,155.0,Orthodox,1984-07-30
http://ufcstats.com/fighter-details/60884f31ead1609c,Jonathan Wiezorek,190.5,,250.0,Southpaw,1978-02-10
http://ufcstats.com/fighter-details/60a42bf82447c919,Jake Hadley,170.18,177.8,135.0,Southpaw,1996-08-03
http://ufcstats.com/fighter-details/60ba33c3f555a7a3,Josh Grispi,180.34,187.96,145.0,Orthodox,1988-10-14
http://ufcstats.com/fighter-details/60c72f7459827881,Julio Paulino,182.88,,170.0,Orthodox,1975-12-04
http://ufcstats.com/fighter-details/6142edbd477d20c9,Dakota Hope,167.64,172.72,155.0,,1997-01-29
http://ufcstats.com/fighter-details/61fb8098ccf81c7f,Antonio Arroyo,190.5,185.42,185.0,Orthodox,1989-07-01
http://ufcstats.com/fighter-details/621a6c59f88a44fe,Matt Hughes,175.26,185.42,170.0,Switch,1973-10-13
http://ufcstats.com/fighter-details/6224e8d0a34264eb,Edward Faaloloto,,177.8,155.0,Orthodox,1984-07-15
http://ufcstats.com/fighter-details/622f015c81a9b13a,Travis Lutter,180.34,190.5,185.0,Orthodox,1973-05-12
http://ufcstats.com/fighter-details/6256b2b1562cb8e1,James Vick,190.5,193.04,155.0,Orthodox,1987-02-23
http://ufcstats.com/fighter-details/6266abf6e4245c72,Noah Gugnon,180.34,180.34,155.0,Orthodox,2000-10-18
http://ufcstats.com/fighter-details/62918a2118de08b2,Tom Murphy,187.96,,227.0,Southpaw,1974-11-19
http://ufcstats.com/fighter-details/6291ac0a3726732f,Pete Williams,190.5,,235.0,Orthodox,1975-07-10
http://ufcstats.com/fighter-details/62f3039da2f92a8c,Eduardo Chapolin,170.18,170.18,125.0,Orthodox,1995-11-23
http://ufcstats.com/fighter-details/62f7097c04311193,Niklas Stolze,185.42,187.96,155.0,Switch,1992-12-28
http://ufcstats.com/fighter-details/633a45d131192ffe,Kajan Johnson,180.34,190.5,155.0,Orthodox,1984-04-21
http://ufcstats.com/fighter-details/634bb0de2eb043b4,Cristiane Justino,172.72,172.72,145.0,Orthodox,1985-07-09
http://ufcstats.com/fighter-details/634e2fb70bde3fd5,Holly Holm,172.72,175.26,135.0,Southpaw,1981-10-17
http://ufcstats.com/fighter-details/6370c1c1e12723d5,Marcin Prachnio,190.5,185.42,205.0,Orthodox,1988-07-14
http://ufcstats.com/fighter-details/637bd06c32219f0b,Jacob Kilburn,175.26,182.88,145.0,Orthodox,1995-06-28
http://ufcstats.com/fighter-details/638cfec7ec559d6e,Brandon Thatch,187.96,187.96,170.0,Switch,1985-07-11
http://ufcstats.com/fighter-details/63b65af1c5cb02cb,Ken Shamrock,185.42,182.88,205.0,Orthodox,1964-02-11
http://ufcstats.com/fighter-details/63def5a5662a6917,Junior Dos Santos,193.04,195.58,238.0,Orthodox,1984-01-30
http://ufcstats.com/fighter-details/63eedfcc73071d41,Lance Gibson,175.26,,185.0,Orthodox,1970-11-20
http://ufcstats.com/fighter-details/640a0f838f057a81,Lerryan Douglas,175.26,182.88,145.0,Orthodox,1995-04-27
http://ufcstats.com/fighter-details/641ca2c2ed91b93c,Zygimantas Ramaska,180.34,180.34,145.0,Orthodox,1996-12-27
http://ufcstats.com/fighter-details/6420efac0578988b,Yoshiki Takahashi,180.34,,199.0,Southpaw,1969-03-13
http://ufcstats.com/fighter-details/64360e618823a8e4,Phillipe Nover,175.26,182.88,145.0,Orthodox,1984-02-03
http://ufcstats.com/fighter-details/6448e57a9533b7e4,Abner Lloveras,180.34,,155.0,,1982-09-04
http://ufcstats.com/fighter-details/64788ee44b062ded,Michinori Tanaka,165.1,170.18,135.0,Orthodox,1990-10-04
http://ufcstats.com/fighter-details/64959f90b6dd9759,Brock Jardine,180.34,,170.0,Orthodox,1985-07-10
http://ufcstats.com/fighter-details/64a50dad704d1d49,Edson Barboza,180.34,190.5,155.0,Orthodox,1986-01-21
http://ufcstats.com/fighter-details/64ad3e3b0efa30bb,Ivan Erslan,187.96,182.88,205.0,Orthodox,1991-11-15
http://ufcstats.com/fighter-details/64b12fe31be7560c,Eric Nolan,187.96,187.96,170.0,Orthodox,1997-09-13
http://ufcstats.com/fighter-details/64d47ef881a437a4,Cesar Almeida,185.42,187.96,185.0,Orthodox,1988-03-28
http://ufcstats.com/fighter-details/64facb6cc564262d,Punahele Soriano,180.34,182.88,170.0,Southpaw,1992-11-22
http://ufcstats.com/fighter-details/6506c1d34da9c013,Georges St-Pierre,180.34,193.04,185.0,Orthodox,1981-05-19
http://ufcstats.com/fighter-details/651d209fa8c8cd83,Gigi Canuto,157.48,162.56,115.0,Orthodox,2002-11-16
http://ufcstats.com/fighter-details/6546af7ab545b90c,Darren Uyenoyama,167.64,165.1,125.0,Orthodox,1979-10-15
http://ufcstats.com/fighter-details/654ae722109a0d31,Joe Duffy,177.8,185.42,155.0,Orthodox,1988-02-18
http://ufcstats.com/fighter-details/6551c64fbcd1a467,Ariane da Silva,167.64,170.18,125.0,Orthodox,1994-01-26
http://ufcstats.com/fighter-details/65578a75fa7900e3,Uriah Hall,182.88,200.66,185.0,Orthodox,1984-07-31
http://ufcstats.com/fighter-details/658c3465581ae46b,Pat Barry,180.34,187.96,235.0,Orthodox,1979-07-07
http://ufcstats.com/fighter-details/65adf3856c4d9256,Jafel Filho,170.18,172.72,125.0,Orthodox,1993-05-05
http://ufcstats.com/fighter-details/65cdf4ec31143d86,Vinicius Salvador,170.18,177.8,135.0,Southpaw,1996-07-24
http://ufcstats.com/fighter-details/65db4065e2bc107d,Darrius Flowers,175.26,180.34,155.0,Orthodox,1994-08-25
http://ufcstats.com/fighter-details/65ddc8a9ac4e8531,Keita Nakamura,180.34,185.42,170.0,Southpaw,1984-05-22
http://ufcstats.com/fighter-details/65f09bacd3957381,Cory Sandhagen,180.34,177.8,135.0,Switch,1992-04-20
http://ufcstats.com/fighter-details/663b76da637402c3,Victor Valimaki,182.88,,205.0,Orthodox,1981-12-17
http://ufcstats.com/fighter-details/668222c99c5c311d,Matt Lucas,185.42,,205.0,,1973-12-27
http://ufcstats.com/fighter-details/669970f7feba8ecd,Erin Blanchfield,162.56,167.64,125.0,Orthodox,1999-05-04
http://ufcstats.com/fighter-details/669a3cb6e394f515,Royce Alger,177.8,,199.0,Orthodox,1965-03-06
http://ufcstats.com/fighter-details/66ab58d0b3783607,Andrew Holbrook,180.34,177.8,155.0,Southpaw,1986-02-06
http://ufcstats.com/fighter-details/66e98b3bb5fc5250,Dan Moret,182.88,185.42,155.0,Southpaw,1986-11-21
http://ufcstats.com/fighter-details/672ef06fd9f41f7d,Marcelo Mello,170.18,,170.0,Southpaw,
http://ufcstats.com/fighter-details/673ea7dcc786b1b3,Bethe Correia,165.1,162.56,135.0,Orthodox,1983-06-22
http://ufcstats.com/fighter-details/6747ccd6d1acd266,Shamil Gaziev,193.04,198.12,265.0,Orthodox,1990-02-10
http://ufcstats.com/fighter-details/6751eacd16bd59bc,Josh Culibao,177.8,185.42,145.0,Orthodox,1994-05-24
http://ufcstats.com/fighter-details/6776260cb0aef647,Logan Clark,187.96,,185.0,Orthodox,1985-02-16
http://ufcstats.com/fighter-details/679a9054e2815943,Tomasz Drwal,185.42,193.04,205.0,Orthodox,1982-01-22
http://ufcstats.com/fighter-details/67a992d4cff22466,Ericka Almeida,167.64,,115.0,Orthodox,1989-03-05
http://ufcstats.com/fighter-details/67c1d46f4ed16f9e,Matt Schnell,172.72,177.8,125.0,Orthodox,1990-01-15
http://ufcstats.com/fighter-details/67f272324a030d00,Misha Cirkunov,190.5,195.58,205.0,Orthodox,1987-02-27
http://ufcstats.com/fighter-details/6803d4d6908354ac,Brad Morris,187.96,,205.0,Orthodox,1979-11-01
http://ufcstats.com/fighter-details/6809c31286b08d97,Tom Watson,185.42,185.42,185.0,Orthodox,1982-07-13
http://ufcstats.com/fighter-details/681399317dbf4701,Uros Medic,185.42,180.34,170.0,Southpaw,1993-04-25
http://ufcstats.com/fighter-details/683ea28a198936fe,Jay Cucciniello,170.18,,155.0,Orthodox,1986-07-23
http://ufcstats.com/fighter-details/684d3aee255a3d09,Gadzhi Omargadzhiev,185.42,180.34,170.0,Switch,1993-02-24
http://ufcstats.com/fighter-details/6859f67468ba8489,Kevin Randleman,177.8,,205.0,Orthodox,1971-08-10
http://ufcstats.com/fighter-details/687c15b2eddfaa63,Danilo Marques,198.12,195.58,205.0,Orthodox,1985-12-26
http://ufcstats.com/fighter-details/6888e31ce88f5b17,Steve Vigneault,177.8,,185.0,Orthodox,1978-02-14
http://ufcstats.com/fighter-details/68b8ebdfce9dbb61,Charalampos Grigoriou,170.18,170.18,135.0,Orthodox,1992-03-31
http://ufcstats.com/fighter-details/68c11c27d4d56572,Dominique Steele,177.8,187.96,170.0,Orthodox,1988-01-27
http://ufcstats.com/fighter-details/68c6cd5287b473a7,Dean Lister,185.42,190.5,185.0,Orthodox,1976-02-13
http://ufcstats.com/fighter-details/68c7ad953455c73f,Don Madge,182.88,182.88,155.0,Southpaw,1990-11-12
http://ufcstats.com/fighter-details/68d35296f566792b,Josiane Nunes,157.48,170.18,135.0,Southpaw,1993-12-23
http://ufcstats.com/fighter-details/68d4a891e5cf2029,Tracy Cortez,165.1,165.1,125.0,Orthodox,1993-12-10
http://ufcstats.com/fighter-details/68d76fd9ecf7431d,Luke Caudillo,170.18,,155.0,Orthodox,1980-11-30
http://ufcstats.com/fighter-details/68dd7b3783c19f9c,Shane Carwin,187.96,203.2,265.0,Orthodox,1975-01-04
http://ufcstats.com/fighter-details/68f6e96c5fa6e044,Jeremy Kennedy,180.34,180.34,145.0,Orthodox,1992-09-16
http://ufcstats.com/fighter-details/6902fcf0610dd303,Jakub Wiklacz,177.8,182.88,135.0,Orthodox,1996-09-10
http://ufcstats.com/fighter-details/69037fc7730e4225,Steven Nguyen,180.34,185.42,145.0,Switch,1993-05-19
http://ufcstats.com/fighter-details/6905d45bd71b50a9,Leo Kuntz,177.8,,155.0,Orthodox,1983-10-03
http://ufcstats.com/fighter-details/696002b59f09d73b,Joseph Sandoval,170.18,,135.0,Southpaw,1986-05-11
http://ufcstats.com/fighter-details/6967153c7edb4d87,Ozzy Diaz,193.04,200.66,185.0,Orthodox,1990-11-22
http://ufcstats.com/fighter-details/69888118d968ba52,Joshua Weems,172.72,175.26,135.0,Orthodox,1994-05-05
http://ufcstats.com/fighter-details/69898645d600abdb,Rodolfo Bellato,190.5,190.5,205.0,Orthodox,1996-02-05
http://ufcstats.com/fighter-details/69a400af4420cd6a,Andreas Stahl,180.34,,170.0,Orthodox,1988-05-20
http://ufcstats.com/fighter-details/69b69c0178c4004d,Antoni Hardonk,193.04,198.12,245.0,Orthodox,1976-02-05
http://ufcstats.com/fighter-details/69e8c632135af48b,Anying Wang,182.88,,170.0,Orthodox,1991-04-04
http://ufcstats.com/fighter-details/69f01b25dfabaf6b,Mads Burnell,172.72,175.26,145.0,Orthodox,1994-03-06
http://ufcstats.com/fighter-details/6a0b80a24f22e152,Ryan Parker,190.5,,235.0,Southpaw,
http://ufcstats.com/fighter-details/6a11e325aa60ad02,Jeff Hughes,187.96,195.58,250.0,Orthodox,1988-05-17
http://ufcstats.com/fighter-details/6a1901c62ab3870f,Jessica Andrade,154.94,157.48,115.0,Orthodox,1991-09-25
http://ufcstats.com/fighter-details/6a2f7c151031653d,Rafael Dos Anjos,172.72,177.8,170.0,Southpaw,1984-10-26
http://ufcstats.com/fighter-details/6a311920edd73c85,Max Gimenis,187.96,190.5,256.0,Orthodox,1993-04-14
http://ufcstats.com/fighter-details/6a740daf1b279661,Maycee Barber,165.1,165.1,125.0,Switch,1998-05-18
http://ufcstats.com/fighter-details/6a8928652fc01bee,Brandon Jenkins,182.88,180.34,155.0,Switch,1991-09-30
http://ufcstats.com/fighter-details/6a92caba39b64752,Terry Martin,172.72,180.34,185.0,Orthodox,1980-10-10
http://ufcstats.com/fighter-details/6a96ad1bc34fb113,Ismail Naurdiev,177.8,187.96,185.0,Orthodox,1996-08-18
http://ufcstats.com/fighter-details/6aa1cbc1466e9a0b,Marcio Cruz,193.04,,232.0,Orthodox,1978-04-24
http://ufcstats.com/fighter-details/6aae253467e8f9ce,Tafon Nchukwi,182.88,195.58,185.0,Orthodox,1994-10-14
http://ufcstats.com/fighter-details/6ac9bc2953c47345,Gerald Meerschaert,185.42,195.58,185.0,Southpaw,1987-12-18
http://ufcstats.com/fighter-details/6ad8e4296f7522d9,Igor Severino,170.18,175.26,125.0,Orthodox,2003-04-21
http://ufcstats.com/fighter-details/6ad9058b7c7898b0,Tony DeSouza,182.88,177.8,170.0,Southpaw,1974-07-26
http://ufcstats.com/fighter-details/6add18754930182b,Julius Walker,193.04,198.12,205.0,Orthodox,1999-07-16
http://ufcstats.com/fighter-details/6b0a6def604de298,Tommy McMillen,182.88,187.96,145.0,Orthodox,1997-12-15
http://ufcstats.com/fighter-details/6b453bc35a823c3f,Jack Della Maddalena,180.34,185.42,170.0,Switch,1996-09-10
http://ufcstats.com/fighter-details/6b56e94a59b7b134,Oban Elliott,182.88,182.88,170.0,Orthodox,1997-12-19
http://ufcstats.com/fighter-details/6b5b9be990774f0e,Maciej Jewtuszko,182.88,,155.0,Southpaw,1981-01-31
http://ufcstats.com/fighter-details/6b7bc7eaf2465387,Neil Wain,177.8,,242.0,Orthodox,
http://ufcstats.com/fighter-details/6b7c7460855dbbb9,Albert Duraev,180.34,190.5,185.0,Orthodox,1989-01-05
http://ufcstats.com/fighter-details/6bb1d2b714d4b3bc,Joey Gilbert,180.34,,155.0,Orthodox,1976-06-05
http://ufcstats.com/fighter-details/6bd02119599741a4,Pedro Munhoz,167.64,165.1,135.0,Orthodox,1986-09-07
http://ufcstats.com/fighter-details/6bf5a7d3e081ade2,Anthony Njokuani,185.42,190.5,155.0,Orthodox,1980-03-01
http://ufcstats.com/fighter-details/6c011be66326ad97,Bruno Korea,167.64,165.1,135.0,,1991-06-28
http://ufcstats.com/fighter-details/6c2030e0a143a94b,Chris Camozzi,187.96,190.5,185.0,Orthodox,1986-11-20
http://ufcstats.com/fighter-details/6c3b2525436cf5d4,Tom Nolan,190.5,185.42,155.0,Southpaw,2000-03-08
http://ufcstats.com/fighter-details/6c7020b859c7a3ce,Edimilson Souza,182.88,187.96,145.0,Orthodox,1984-10-17
http://ufcstats.com/fighter-details/6c7e25571490aa3b,George Sullivan,182.88,185.42,170.0,Orthodox,1981-03-13
http://ufcstats.com/fighter-details/6c8072b61c276e67,Jessica-Rose Clark,165.1,162.56,135.0,Orthodox,1987-11-28
http://ufcstats.com/fighter-details/6c9b66b43663f2f7,Viktoriia Dudakova,165.1,170.18,115.0,Orthodox,1999-01-26
http://ufcstats.com/fighter-details/6cadfd8f1d9e7685,Che Mills,185.42,193.04,170.0,Orthodox,1982-09-29
http://ufcstats.com/fighter-details/6cbb7661c3258617,Felix Lee Mitchell,,,,Orthodox,
http://ufcstats.com/fighter-details/6ceff86fae4f6b3b,Jason DeLucia,180.34,,190.0,Southpaw,1969-07-24
http://ufcstats.com/fighter-details/6d1bffff14897645,Santiago Ponzinibbio,182.88,185.42,170.0,Orthodox,1986-09-26
http://ufcstats.com/fighter-details/6d35bf94f7d30241,Amir Albazi,165.1,172.72,125.0,Orthodox,1993-10-27
http://ufcstats.com/fighter-details/6d38e41efa47a72d,Jordan Vucenic,177.8,185.42,155.0,Orthodox,1996-03-02
http://ufcstats.com/fighter-details/6d48a2df51749d91,Antonio Trocoli,195.58,203.2,185.0,Orthodox,1990-12-06
http://ufcstats.com/fighter-details/6d4b63c767106d3a,Vicente Luque,180.34,190.5,185.0,Orthodox,1991-11-27
http://ufcstats.com/fighter-details/6d68c1afe954f121,Ode Osbourne,170.18,185.42,125.0,Southpaw,1992-01-09
http://ufcstats.com/fighter-details/6d7886b094b471ac,Sean Gannon,190.5,,265.0,Southpaw,
http://ufcstats.com/fighter-details/6da99156486ed6c2,Joshua Burkman,177.8,182.88,170.0,Orthodox,1980-04-10
http://ufcstats.com/fighter-details/6dd758d34da8d254,Ron Stallings,187.96,190.5,170.0,Southpaw,1983-01-25
http://ufcstats.com/fighter-details/6ded9184b2284645,Willie Gates,172.72,182.88,125.0,Orthodox,1987-01-21
http://ufcstats.com/fighter-details/6e00cfffd54653c4,Tyson Nam,170.18,172.72,125.0,Orthodox,1983-10-06
http://ufcstats.com/fighter-details/6e0273f9478be71e,Kenny Robertson,177.8,187.96,170.0,Orthodox,1984-02-14
http://ufcstats.com/fighter-details/6e02c318762f52f1,Alberta Cerra Leon,172.72,,238.0,,
http://ufcstats.com/fighter-details/6e0e977beb909837,Sung Bin Jo,182.88,182.88,145.0,Orthodox,1992-07-17
http://ufcstats.com/fighter-details/6e15f63b6c2e2c15,Brandon Royval,175.26,172.72,125.0,Southpaw,1992-08-16
http://ufcstats.com/fighter-details/6e344b71421103da,Magomed Gadzhiyasulov,187.96,190.5,205.0,Orthodox,1993-11-04
http://ufcstats.com/fighter-details/6e743a33d56bdaa4,Payton Talbott,177.8,177.8,135.0,Switch,1998-09-09
http://ufcstats.com/fighter-details/6e7506127408aa9e,Nadia Kassem,165.1,167.64,125.0,Southpaw,1995-11-15
http://ufcstats.com/fighter-details/6e7c758f5cdec01a,Paddy Holohan,177.8,175.26,125.0,Orthodox,1988-05-03
http://ufcstats.com/fighter-details/6e8349a0a0476d60,Imanol Rodriguez,162.56,162.56,125.0,Orthodox,1999-11-15
http://ufcstats.com/fighter-details/6e8f1bcdda94ff45,Ibo Aslan,190.5,195.58,205.0,Orthodox,1996-04-23
http://ufcstats.com/fighter-details/6e92eb1242b46636,Steve Montgomery,193.04,,185.0,Southpaw,1990-12-19
http://ufcstats.com/fighter-details/6e9f40c706f91f32,Nate Maness,177.8,182.88,125.0,Orthodox,1991-06-27
http://ufcstats.com/fighter-details/6eaec40f724852f4,Jessin Ayari,182.88,185.42,155.0,Orthodox,1992-05-31
http://ufcstats.com/fighter-details/6ebe96a116e79e52,John Allan,185.42,190.5,205.0,Orthodox,1993-02-22
http://ufcstats.com/fighter-details/6ece1d2ab1bed31d,Steve Judson,180.34,,230.0,Orthodox,
http://ufcstats.com/fighter-details/6eedb757f13b9978,Marwan Rahiki,172.72,182.88,145.0,Orthodox,2002-05-10
http://ufcstats.com/fighter-details/6ef58dabef8beb15,Josh Haynes,175.26,,170.0,Orthodox,1977-07-30
http://ufcstats.com/fighter-details/6ef65b6a152e49d5,Philip De Fries,195.58,200.66,250.0,Orthodox,1986-04-21
http://ufcstats.com/fighter-details/6f018c039b4d5d80,Jon Fitch,182.88,187.96,170.0,Orthodox,1978-02-24
http://ufcstats.com/fighter-details/6f242453c91a5af0,Dennis Bermudez,167.64,167.64,155.0,Orthodox,1986-12-13
http://ufcstats.com/fighter-details/6f4ec5aa3eced219,Zhu Kangjie,167.64,177.8,145.0,Orthodox,1996-01-16
http://ufcstats.com/fighter-details/6f7c616b98e18c29,Claudio Silva,180.34,180.34,170.0,Southpaw,1982-09-06
http://ufcstats.com/fighter-details/6f81b6de2557739a,Jacob Volkmann,175.26,180.34,155.0,Southpaw,1980-09-05
http://ufcstats.com/fighter-details/6fb1ba67bef41b37,Nik Lentz,172.72,172.72,145.0,Orthodox,1984-08-13
http://ufcstats.com/fighter-details/6fc506e1099afe20,Luan Lacerda,170.18,180.34,135.0,Orthodox,1993-01-07
http://ufcstats.com/fighter-details/6fd953151d981979,JJ Aldrich,165.1,170.18,125.0,Southpaw,1992-09-29
http://ufcstats.com/fighter-details/700a674c042b7a96,Cody Gibson,177.8,180.34,135.0,Orthodox,1987-09-11
http://ufcstats.com/fighter-details/701e057d63c124d9,Ian McCall,165.1,162.56,125.0,Orthodox,1984-05-07
http://ufcstats.com/fighter-details/7026eca45f65377b,Jared Gordon,175.26,172.72,155.0,Orthodox,1988-09-06
http://ufcstats.com/fighter-details/70380ccdc81915b8,Yadier del Valle,175.26,175.26,145.0,Southpaw,1996-07-29
http://ufcstats.com/fighter-details/706404da0775dcbc,Hugo Duarte,182.88,,240.0,Orthodox,1968-08-09
http://ufcstats.com/fighter-details/706f8e2b34e8e18b,Anton Kuivanen,172.72,182.88,155.0,Orthodox,1984-05-01
http://ufcstats.com/fighter-details/709fadb644ee3f51,Diyar Nurgozhay,187.96,187.96,205.0,Southpaw,1997-04-22
http://ufcstats.com/fighter-details/70d2329a92864fdb,Sabina Mazo,170.18,177.8,125.0,Orthodox,1997-03-25
http://ufcstats.com/fighter-details/70dd69b6a703257e,Daniil Donchenko,180.34,180.34,170.0,Orthodox,2001-08-04
http://ufcstats.com/fighter-details/70e1f8a821b72c8b,Jimmy Crute,187.96,187.96,205.0,Orthodox,1996-03-04
http://ufcstats.com/fighter-details/70fa1c64a2c439ef,Alen Amedovski,177.8,187.96,185.0,Orthodox,1988-04-06
http://ufcstats.com/fighter-details/70fc8214822b5a85,Shane Collins,175.26,180.34,145.0,Orthodox,2000-03-08
http://ufcstats.com/fighter-details/71002dbc1743b9a7,Felipe Arantes,172.72,185.42,135.0,Orthodox,1988-02-09
http://ufcstats.com/fighter-details/710d93f1508f7104,Stevie Lynch,177.8,,170.0,Orthodox,
http://ufcstats.com/fighter-details/710f0f8c5d5c9d41,Lucas Almeida,180.34,180.34,145.0,Orthodox,1991-01-31
http://ufcstats.com/fighter-details/71171fc96445bf65,Vitor Petrino,187.96,195.58,225.0,Orthodox,1997-08-28
http://ufcstats.com/fighter-details/712c4db78b9373d1,Joe Jordan,167.64,,155.0,Orthodox,1978-07-27
http://ufcstats.com/fighter-details/7138a15258dabf20,Bruna Brasil,167.64,165.1,115.0,Orthodox,1993-09-07
http://ufcstats.com/fighter-details/714e1e0681ddb703,Derrick Krantz,177.8,182.88,170.0,Orthodox,1988-01-13
http://ufcstats.com/fighter-details/71505842fb6455c3,Dustin Stoltzfus,182.88,190.5,185.0,Orthodox,1991-11-15
http://ufcstats.com/fighter-details/7195e2a932686f82,Nick Roehrick,187.96,,205.0,Orthodox,1987-07-06
http://ufcstats.com/fighter-details/71df36d6d8cf0d74,Kiichi Kunimoto,177.8,180.34,170.0,Orthodox,1981-05-01
http://ufcstats.com/fighter-details/71f048adbfed5b49,Sabah Homasi,182.88,182.88,170.0,Orthodox,1988-10-19
http://ufcstats.com/fighter-details/7215953cd5c6254d,Ross Pointon,172.72,,170.0,Orthodox,1980-02-18
http://ufcstats.com/fighter-details/723b64c0e9a8f348,Josias Musasa,172.72,187.96,135.0,Southpaw,1998-10-10
http://ufcstats.com/fighter-details/725a834930c2b5bf,Troy Mandaloniz,175.26,,170.0,Orthodox,1980-02-01
http://ufcstats.com/fighter-details/725b1abc9a39d873,AJ Fletcher,177.8,170.18,170.0,Switch,1997-02-18
http://ufcstats.com/fighter-details/7269329bd87eb479,Christophe Leninger,182.88,,200.0,Southpaw,
http://ufcstats.com/fighter-details/7279654c7674cd24,Klidson Abreu,182.88,187.96,205.0,Orthodox,1992-12-24
http://ufcstats.com/fighter-details/729d4bd5a6cd0a97,Lauren Murphy,165.1,170.18,125.0,Orthodox,1983-07-27
http://ufcstats.com/fighter-details/72c4b253d2f5ebf2,Roman Salazar,170.18,,135.0,Orthodox,1988-02-21
http://ufcstats.com/fighter-details/72db2a14ffa73ece,Mateusz Gamrot,177.8,177.8,155.0,Southpaw,1990-12-11
http://ufcstats.com/fighter-details/72e5e5a6edfa8223,Marcos Mariano,185.42,193.04,155.0,Switch,1986-10-12
http://ufcstats.com/fighter-details/72ea1984c52019b5,Saimon Oliveira,162.56,182.88,135.0,Orthodox,1991-04-21
http://ufcstats.com/fighter-details/72f890c5d421e705,Matheus Camilo,177.8,175.26,155.0,Orthodox,2001-01-02
http://ufcstats.com/fighter-details/72ffecf712673af1,Adam Milstead,190.5,193.04,205.0,Orthodox,1987-07-03
http://ufcstats.com/fighter-details/7339d340aa2889cb,Kyle Noke,185.42,193.04,170.0,Southpaw,1980-03-18
http://ufcstats.com/fighter-details/7342fcc41a4817fa,Ansar Chalangov,175.26,,170.0,Orthodox,1979-10-30
http://ufcstats.com/fighter-details/738acab0c6934dd8,Dmitri Stepanov,190.5,,217.0,Orthodox,
http://ufcstats.com/fighter-details/739fd4fbb5d862f4,Rizvan Kuniev,193.04,193.04,240.0,Orthodox,1992-03-10
http://ufcstats.com/fighter-details/73a78713bd899f4c,Allen Frye Jr.,195.58,203.2,265.0,Orthodox,1998-04-15
http://ufcstats.com/fighter-details/73c7cfa551289285,BJ Penn,175.26,177.8,155.0,Orthodox,1978-12-13
http://ufcstats.com/fighter-details/73e09f837f3b5ecc,Rogerio Nogueira,187.96,190.5,205.0,Southpaw,1976-06-02
http://ufcstats.com/fighter-details/73ef22f25d0f70e2,Romie Aram,177.8,,170.0,Orthodox,1977-12-02
http://ufcstats.com/fighter-details/7413b80dbb0f8f9f,Lucas Martins,182.88,182.88,145.0,Southpaw,1988-11-11
http://ufcstats.com/fighter-details/7447e9f28508106a,Mackenzie Dern,162.56,160.02,115.0,Orthodox,1993-03-24
http://ufcstats.com/fighter-details/744e098e065cfdbe,Ricardo Romero,182.88,193.04,205.0,Orthodox,1978-04-15
http://ufcstats.com/fighter-details/7450525c7ba032a0,Heath Herring,193.04,198.12,250.0,Orthodox,1978-03-02
http://ufcstats.com/fighter-details/745fa7b605f8e2da,Fatima Kline,167.64,170.18,115.0,Orthodox,2000-07-12
http://ufcstats.com/fighter-details/7478b7f959ba61f5,Elijah Smith,175.26,180.34,135.0,Orthodox,2002-09-05
http://ufcstats.com/fighter-details/74939a16c7b56f33,Juan Diaz,172.72,175.26,135.0,Orthodox,1998-06-03
http://ufcstats.com/fighter-details/749685d24e2cac50,Remco Pardoel,190.5,,260.0,Southpaw,1969-05-23
http://ufcstats.com/fighter-details/7498b3ac79a3b948,Taiyilake Nueraji,187.96,190.5,170.0,Southpaw,2001-01-12
http://ufcstats.com/fighter-details/749f572d1d3161fb,Khalil Rountree Jr.,185.42,193.04,205.0,Southpaw,1990-02-26
http://ufcstats.com/fighter-details/74d35fbc9c6a61bd,Alvaro Herrera Mendoza,182.88,187.96,155.0,Orthodox,1990-05-14
http://ufcstats.com/fighter-details/74f9448b97bf8bec,Da Woon Jung,193.04,198.12,205.0,Orthodox,1993-12-07
http://ufcstats.com/fighter-details/74fefd43f073cd2f,Joe Pardo,185.42,,210.0,Southpaw,
http://ufcstats.com/fighter-details/751de04455cfaac0,Calvin Kattar,180.34,182.88,145.0,Orthodox,1988-03-26
http://ufcstats.com/fighter-details/75353550928a7921,Muhammad Mokaev,170.18,177.8,125.0,Orthodox,2000-07-30
http://ufcstats.com/fighter-details/7559395ad833c074,Miranda Granger,170.18,172.72,115.0,Orthodox,1992-04-13
http://ufcstats.com/fighter-details/75a6a390fd5dca46,Juliana Lima,165.1,165.1,115.0,Orthodox,1982-03-15
http://ufcstats.com/fighter-details/75afb06215a07341,Dmitrii Smoliakov,187.96,187.96,253.0,Switch,1982-08-05
http://ufcstats.com/fighter-details/75bbd2206a15319f,Edwin DeWees,185.42,,185.0,Orthodox,1982-08-07
http://ufcstats.com/fighter-details/75e0d3cc2262b732,Shane Roller,177.8,182.88,155.0,Orthodox,1979-07-14
http://ufcstats.com/fighter-details/75e5fec9f72910ef,Gleison Tibau,177.8,180.34,155.0,Southpaw,1983-10-07
http://ufcstats.com/fighter-details/75f871836d41f90f,Justin McCully,185.42,185.42,225.0,Orthodox,1976-02-18
http://ufcstats.com/fighter-details/760a55d5b6098cbe,Carlos Candelario,172.72,172.72,125.0,Southpaw,1991-06-04
http://ufcstats.com/fighter-details/764342d39cdaa54a,Frank Camacho,177.8,185.42,155.0,Orthodox,1989-05-18
http://ufcstats.com/fighter-details/7649c4c95b824488,Josh Hendricks,187.96,,235.0,Southpaw,1976-08-28
http://ufcstats.com/fighter-details/764d39074a352e33,Thomas Petersen,185.42,187.96,250.0,Southpaw,1995-03-30
http://ufcstats.com/fighter-details/76729a829623e266,Henry Martinez,170.18,175.26,155.0,Southpaw,1983-08-07
http://ufcstats.com/fighter-details/7674b836ce0698a0,Yousri Belgaroui,198.12,200.66,185.0,Orthodox,1992-06-02
http://ufcstats.com/fighter-details/767755fd74662dbf,Khamzat Chimaev,187.96,190.5,185.0,Orthodox,1994-05-01
http://ufcstats.com/fighter-details/7691a80e6ca3e55b,Jon Madsen,182.88,182.88,240.0,Orthodox,1980-02-12
http://ufcstats.com/fighter-details/76984112f697631f,Leslie Smith,175.26,167.64,135.0,Orthodox,1982-08-17
http://ufcstats.com/fighter-details/76e2870ffafbe38f,Movsar Evloev,170.18,182.88,145.0,Orthodox,1994-02-11
http://ufcstats.com/fighter-details/76ee3d666c648f6b,Charles Byrd,177.8,185.42,185.0,Orthodox,1983-10-11
http://ufcstats.com/fighter-details/771b60ff889661c8,Mark Scanlon,175.26,,170.0,Orthodox,
http://ufcstats.com/fighter-details/77350fd0e6d1dba8,Lisa Ellis,162.56,,115.0,,1982-11-15
http://ufcstats.com/fighter-details/773f7feacf96153e,Benito Lopez,177.8,185.42,135.0,Switch,1994-04-06
http://ufcstats.com/fighter-details/775bad6d700d2302,David Roberts,185.42,,170.0,Orthodox,1975-11-15
http://ufcstats.com/fighter-details/776a58a67665a171,Nad Narimani,172.72,177.8,145.0,Orthodox,1987-04-14
http://ufcstats.com/fighter-details/776d4262c4da38bf,Pete Rodriguez,175.26,180.34,170.0,Switch,1996-11-13
http://ufcstats.com/fighter-details/7772b283d288dbe2,Guram Kutateladze,180.34,182.88,155.0,Orthodox,1992-01-08
http://ufcstats.com/fighter-details/777dea713da2441d,Valmir Lazaro,182.88,185.42,155.0,Orthodox,1985-08-15
http://ufcstats.com/fighter-details/77ba5b2939c4018b,Carol Foro,157.48,154.94,115.0,Orthodox,1997-03-21
http://ufcstats.com/fighter-details/77d7295d1b22c694,Alessio Di Chirico,182.88,187.96,185.0,Orthodox,1989-12-12
http://ufcstats.com/fighter-details/78114b7199cef90c,Urijah Faber,167.64,170.18,135.0,Orthodox,1979-05-14
http://ufcstats.com/fighter-details/7826923b47f8d72a,Paddy Pimblett,177.8,185.42,155.0,Orthodox,1995-01-03
http://ufcstats.com/fighter-details/782a2a17d3e38fdf,Keigo Kunihara,182.88,,235.0,Orthodox,
http://ufcstats.com/fighter-details/7832f2f62f04178f,Tucker Lutz,172.72,182.88,145.0,Orthodox,1994-07-12
http://ufcstats.com/fighter-details/784285b7ae7dd85f,Shane Campbell,182.88,180.34,155.0,Orthodox,1987-01-21
http://ufcstats.com/fighter-details/787bb1f087ccff8a,Ciryl Gane,193.04,205.74,247.0,Orthodox,1990-04-12
http://ufcstats.com/fighter-details/78863e4a28204a6b,Justin Frazier,182.88,190.5,265.0,Southpaw,1989-06-15
http://ufcstats.com/fighter-details/78a68f1dade6aaf7,Fabio Cherant,185.42,187.96,205.0,Southpaw,1994-11-25
http://ufcstats.com/fighter-details/78d48d3874dacafd,Azunna Anyanwu,185.42,,251.0,Orthodox,1981-08-05
http://ufcstats.com/fighter-details/78e501478a36a018,Khama Worthy,180.34,187.96,155.0,Orthodox,1986-10-15
http://ufcstats.com/fighter-details/78f485f851891d68,Journey Newson,165.1,170.18,135.0,Orthodox,1989-03-07
http://ufcstats.com/fighter-details/791c8437b341fba5,Joanderson Brito,172.72,182.88,145.0,Orthodox,1995-02-11
http://ufcstats.com/fighter-details/792be9a24df82ed6,Brandon Moreno,170.18,177.8,125.0,Orthodox,1993-12-07
http://ufcstats.com/fighter-details/79325a3c1a5c3bf4,Andreas Michailidis,182.88,193.04,170.0,Orthodox,1988-07-18
http://ufcstats.com/fighter-details/79899ecf62020f6d,Joe Stevenson,170.18,177.8,145.0,Orthodox,1982-06-15
http://ufcstats.com/fighter-details/798e48f9e7f6ba22,Carlos Hernandez,172.72,170.18,125.0,Orthodox,1993-10-25
http://ufcstats.com/fighter-details/79cb2a690b9ba5e8,Zarrukh Adashev,165.1,165.1,125.0,Southpaw,1992-07-29
http://ufcstats.com/fighter-details/7a15f3694c5cbc02,John Alessio,177.8,182.88,155.0,Orthodox,1979-07-05
http://ufcstats.com/fighter-details/7a359ef685a304a7,Amaury Bitetti,175.26,,185.0,Orthodox,1969-04-14
http://ufcstats.com/fighter-details/7a39bbac8cc0fa70,Gasan Umalatov,180.34,180.34,170.0,Orthodox,1982-09-11
http://ufcstats.com/fighter-details/7a47e068f8017019,Val Woodburn,172.72,187.96,170.0,Orthodox,1993-08-10
http://ufcstats.com/fighter-details/7a5e8c94a86f9895,Chris Barnett,175.26,190.5,261.0,Orthodox,1986-06-14
http://ufcstats.com/fighter-details/7a613f78dd7ee8f8,Bernardo Magalhaes,175.26,,155.0,Orthodox,1981-04-08
http://ufcstats.com/fighter-details/7a703c565ccaa18f,Jacare Souza,185.42,182.88,185.0,Orthodox,1979-12-07
http://ufcstats.com/fighter-details/7aa3d6964eff4877,Alex Caceres,177.8,185.42,145.0,Southpaw,1988-06-20
http://ufcstats.com/fighter-details/7aa88401f93ce836,Amar Suloev,175.26,,183.0,Orthodox,1976-07-01
http://ufcstats.com/fighter-details/7ab478c397cd68ef,Aliaskhab Khizriev,175.26,187.96,185.0,Southpaw,1990-08-24
http://ufcstats.com/fighter-details/7abe471b61725980,Fabricio Camoes,177.8,180.34,155.0,Orthodox,1978-12-23
http://ufcstats.com/fighter-details/7acbb0972e75281a,Marvin Vettori,182.88,187.96,185.0,Southpaw,1993-09-20
http://ufcstats.com/fighter-details/7af33fc4435017f1,Brady Hiestand,172.72,180.34,135.0,Orthodox,1999-04-30
http://ufcstats.com/fighter-details/7b143a54451263d9,Paul Sass,182.88,185.42,155.0,Orthodox,1988-08-04
http://ufcstats.com/fighter-details/7b310409440c9102,Zhang Lipeng,180.34,180.34,155.0,Southpaw,1990-03-10
http://ufcstats.com/fighter-details/7b3503352cd53abb,Westin Wilson,185.42,185.42,145.0,Southpaw,1989-01-24
http://ufcstats.com/fighter-details/7b39035fae7268b8,Matt Van Buren,195.58,,205.0,,1986-06-12
http://ufcstats.com/fighter-details/7b433309b0fd12aa,Brad Katona,167.64,162.56,135.0,Orthodox,1991-12-19
http://ufcstats.com/fighter-details/7b6ce3a9460565b5,Valeri Ignatov,175.26,,170.0,Orthodox,
http://ufcstats.com/fighter-details/7b6e40a73b567072,Shonie Carter,177.8,,170.0,Southpaw,1972-05-03
http://ufcstats.com/fighter-details/7b9aa973e5c04624,Eddie Ruiz,170.18,,155.0,Orthodox,1967-06-10
http://ufcstats.com/fighter-details/7bc475b0fc2020ab,Luis Ramos,172.72,,170.0,Orthodox,1981-01-18
http://ufcstats.com/fighter-details/7bc96507e4b38d3b,Cody Donovan,190.5,187.96,205.0,Orthodox,1981-02-20
http://ufcstats.com/fighter-details/7bd94b60d7521e4a,John Albert,172.72,172.72,135.0,Orthodox,1986-10-13
http://ufcstats.com/fighter-details/7bde387d50829adf,Eduardo Garagorri,175.26,177.8,145.0,Orthodox,1989-05-28
http://ufcstats.com/fighter-details/7be14eaed4c74856,Brian Kelleher,167.64,167.64,135.0,Switch,1986-08-19
http://ufcstats.com/fighter-details/7be63795363029e8,Cody McKenzie,182.88,182.88,155.0,Switch,1987-12-16
http://ufcstats.com/fighter-details/7be74a12d7352df2,Sara McMann,167.64,167.64,135.0,Orthodox,1980-09-24
http://ufcstats.com/fighter-details/7c0847d3854a95f2,Sean Salmon,177.8,,185.0,Southpaw,1977-09-11
http://ufcstats.com/fighter-details/7c35f869033901ae,Riki Fukuda,182.88,185.42,185.0,Southpaw,1981-01-06
http://ufcstats.com/fighter-details/7c3c48cf54a2848e,Yuta Sasaki,177.8,180.34,125.0,Southpaw,1989-10-07
http://ufcstats.com/fighter-details/7c6e87729e824ef4,Ildemar Alcantara,187.96,198.12,185.0,Orthodox,1982-11-18
http://ufcstats.com/fighter-details/7c7332319c14094c,Marlon Vera,172.72,177.8,135.0,Switch,1992-12-02
http://ufcstats.com/fighter-details/7c9c6a884be167fe,Jin Soo Son,167.64,175.26,135.0,Orthodox,1993-04-01
http://ufcstats.com/fighter-details/7c9f96f9a6a5cd50,Brok Weaver,182.88,185.42,155.0,Southpaw,1991-12-05
http://ufcstats.com/fighter-details/7ca4c3f8aa8bacae,Paulo Santos,,,,,
http://ufcstats.com/fighter-details/7cbf7c78d3b34218,Drakkar Klose,175.26,177.8,155.0,Orthodox,1988-03-09
http://ufcstats.com/fighter-details/7cdd3e5d3aa9cb39,Yan Cabral,180.34,185.42,155.0,Orthodox,1983-05-13
http://ufcstats.com/fighter-details/7cec3c4a5e7b6d68,Daniel Frunza,185.42,185.42,170.0,Orthodox,1994-04-13
http://ufcstats.com/fighter-details/7cf20446453f852b,Milton Vieira,182.88,,145.0,Orthodox,1978-10-04
http://ufcstats.com/fighter-details/7d09200f6a77b20e,Colin Fletcher,187.96,,155.0,Orthodox,1983-01-08
http://ufcstats.com/fighter-details/7d0a1968b38ca439,Ramazan Temirov,162.56,160.02,125.0,Orthodox,1997-01-31
http://ufcstats.com/fighter-details/7d21de9c6d7c98b2,Rich Clementi,175.26,182.88,155.0,Southpaw,1976-03-31
http://ufcstats.com/fighter-details/7d3caf0f96f1b33d,Nick Thompson,185.42,187.96,170.0,Orthodox,1981-06-23
http://ufcstats.com/fighter-details/7d420039bbfe7c1a,Aoriqileng,170.18,175.26,135.0,Orthodox,1993-06-25
http://ufcstats.com/fighter-details/7d5b12de1625984e,Scott Baker,182.88,,210.0,,
http://ufcstats.com/fighter-details/7d6ceff6747f2de2,Jose Delgado,180.34,187.96,145.0,Switch,1998-04-21
http://ufcstats.com/fighter-details/7d8435c56043b0ae,Ante Delija,190.5,198.12,239.0,Orthodox,1990-08-07
http://ufcstats.com/fighter-details/7d96bc577e5178b2,Gray Maynard,175.26,177.8,155.0,Orthodox,1979-05-09
http://ufcstats.com/fighter-details/7dcf06c1967801c1,Adriano Martins,177.8,182.88,155.0,Southpaw,1982-12-16
http://ufcstats.com/fighter-details/7dda2cf308f24a02,Virna Jandiroba,160.02,162.56,115.0,Orthodox,1988-05-30
http://ufcstats.com/fighter-details/7debc13b36343605,Cristian Quinonez,172.72,177.8,135.0,Orthodox,1996-04-26
http://ufcstats.com/fighter-details/7dfb56f24fe5ddea,Bobby Nash,182.88,187.96,170.0,Orthodox,1990-03-26
http://ufcstats.com/fighter-details/7e208569469c8bc8,Ruan Potts,187.96,190.5,247.0,Orthodox,1978-02-23
http://ufcstats.com/fighter-details/7e47047d0971d566,Daniel Sarafian,175.26,185.42,185.0,Orthodox,1982-08-21
http://ufcstats.com/fighter-details/7e511f8d842a109d,Arjan Bhullar,185.42,190.5,245.0,Orthodox,1986-05-13
http://ufcstats.com/fighter-details/7e69a4b0961aa555,Brad Blackburn,177.8,185.42,170.0,Orthodox,1977-05-25
http://ufcstats.com/fighter-details/7e9b36a9847db116,Kevin Christian,200.66,203.2,205.0,Orthodox,1995-01-21
http://ufcstats.com/fighter-details/7ea1f74cef32f906,Rashid Magomedov,175.26,177.8,155.0,Orthodox,1984-11-29
http://ufcstats.com/fighter-details/7ea4a9f07df33a45,Francisco Rivera,172.72,177.8,135.0,Orthodox,1981-10-08
http://ufcstats.com/fighter-details/7eaa5e31c2dd86aa,Nick Klein,185.42,195.58,185.0,Orthodox,1995-09-08
http://ufcstats.com/fighter-details/7ee0fd831c0fe7c3,Carlos Prates,185.42,198.12,170.0,Switch,1993-08-17
http://ufcstats.com/fighter-details/7f0b4a75ef3039a3,Eddie Sanchez,187.96,187.96,230.0,Orthodox,1982-11-04
http://ufcstats.com/fighter-details/7f0f171414d0a287,Zelim Imadaev,182.88,193.04,170.0,Orthodox,1995-01-25
http://ufcstats.com/fighter-details/7f1bf0c255ec8756,Azat Maksum,170.18,177.8,125.0,Southpaw,1995-02-02
http://ufcstats.com/fighter-details/7f6ed67d3ed3c036,Cody Durden,170.18,170.18,125.0,Southpaw,1991-03-29
http://ufcstats.com/fighter-details/7f6ef4e1227600bc,Wagner Prado,182.88,187.96,205.0,Southpaw,1986-12-30
http://ufcstats.com/fighter-details/7f955f71fa2ce7ac,Alessio Sakara,182.88,182.88,185.0,Orthodox,1981-09-02
http://ufcstats.com/fighter-details/7f9f528cb72a6ed1,Travis Wiuff,190.5,,205.0,Orthodox,1978-03-15
http://ufcstats.com/fighter-details/7facc9c45d792985,Kaan Ofli,170.18,167.64,145.0,Orthodox,1993-06-19
http://ufcstats.com/fighter-details/7ff97850e8c32bda,Glover Teixeira,187.96,193.04,205.0,Orthodox,1979-10-28
http://ufcstats.com/fighter-details/803bebcfb6d6f506,Alex Gorgees,187.96,187.96,155.0,Switch,1995-08-11
http://ufcstats.com/fighter-details/8061a3136026a673,Jeisla Chaves,167.64,172.72,115.0,Orthodox,1997-02-02
http://ufcstats.com/fighter-details/80779d7441af1b52,Christian Morecraft,198.12,205.74,260.0,Orthodox,1986-09-08
http://ufcstats.com/fighter-details/809bd1a871491508,Terrance McKinney,177.8,185.42,155.0,Switch,1994-09-15
http://ufcstats.com/fighter-details/80c0bed43da0e27b,David Baron,167.64,,155.0,Switch,1973-02-15
http://ufcstats.com/fighter-details/80d8aed0ca9b00f3,Montana De La Rosa,170.18,172.72,125.0,Orthodox,1995-02-14
http://ufcstats.com/fighter-details/80d918336163b80c,Tatsuya Kawajiri,170.18,175.26,145.0,Orthodox,1978-05-08
http://ufcstats.com/fighter-details/80daefbed11ce998,Alejandro Perez,167.64,170.18,135.0,Orthodox,1989-09-02
http://ufcstats.com/fighter-details/80dbeb1dd5b53e64,Nam Phan,167.64,177.8,135.0,Orthodox,1983-03-13
http://ufcstats.com/fighter-details/80e6d71e14c1d356,Joe Slick,182.88,,199.0,Orthodox,1977-10-17
http://ufcstats.com/fighter-details/80eacd4da0617c57,Joseph Benavidez,162.56,165.1,125.0,Southpaw,1984-07-31
http://ufcstats.com/fighter-details/80fa8218c99f9c58,Amanda Nunes,172.72,175.26,135.0,Orthodox,1988-05-30
http://ufcstats.com/fighter-details/813550bc53b15fb0,Yancy Medeiros,177.8,190.5,155.0,Orthodox,1987-09-07
http://ufcstats.com/fighter-details/814e5233e2acf2ee,Charles Johnson,175.26,177.8,125.0,Switch,1991-01-10
http://ufcstats.com/fighter-details/814ff3018127e8fc,Ricky Glenn,182.88,177.8,170.0,Southpaw,1989-04-12
http://ufcstats.com/fighter-details/8163cd7de0342652,Erick Montano,182.88,185.42,170.0,Orthodox,1985-11-19
http://ufcstats.com/fighter-details/8173f134396cb971,Cortavious Romious,162.56,172.72,135.0,Southpaw,1994-01-06
http://ufcstats.com/fighter-details/817e0bdf08efce2e,Elvis Sinosic,190.5,195.58,205.0,Orthodox,1971-02-13
http://ufcstats.com/fighter-details/81801f57bd0a7c41,Marcus Brimage,162.56,180.34,135.0,Southpaw,1985-04-06
http://ufcstats.com/fighter-details/81b8b3fb019dc69d,Antonio Dos Santos,177.8,,185.0,Orthodox,1988-07-21
http://ufcstats.com/fighter-details/81ca2c245b19b3c5,Melton Bowen,182.88,,225.0,Orthodox,1969-07-16
http://ufcstats.com/fighter-details/81d2c551886bd5a1,Alice Pereira,172.72,180.34,135.0,Orthodox,2005-12-20
http://ufcstats.com/fighter-details/81d9df19e255b8b6,Jarred Brooks,160.02,157.48,125.0,Switch,1993-05-02
http://ufcstats.com/fighter-details/821cd80aab70d5f9,Josh Shockman,193.04,,235.0,Southpaw,1980-12-29
http://ufcstats.com/fighter-details/82529ce93cd9a2cf,Anton Turkalj,193.04,198.12,205.0,Orthodox,1996-06-10
http://ufcstats.com/fighter-details/826475cc758e60e6,Rob Wilkinson,190.5,203.2,185.0,Orthodox,1992-02-22
http://ufcstats.com/fighter-details/8270c00fae24c922,Dileno Lopes,165.1,,135.0,,1984-09-26
http://ufcstats.com/fighter-details/82a5152216251682,Dan Ige,170.18,180.34,145.0,Orthodox,1991-08-06
http://ufcstats.com/fighter-details/82b4e942781b1046,Raulian Paiva,172.72,175.26,135.0,Orthodox,1995-10-17
http://ufcstats.com/fighter-details/82cbb809d5ee565c,Mara Romero Borella,167.64,175.26,125.0,Orthodox,1986-06-03
http://ufcstats.com/fighter-details/82d4c957649faf9b,Miguel Baeza,187.96,187.96,170.0,Orthodox,1992-08-23
http://ufcstats.com/fighter-details/82e7929bf6c2b689,Diego Sanchez,177.8,182.88,170.0,Southpaw,1981-12-31
http://ufcstats.com/fighter-details/830f60497fab345a,Jamie Pickett,187.96,203.2,185.0,Orthodox,1988-08-29
http://ufcstats.com/fighter-details/83455a9d17f57dae,Rafael Estevam,172.72,175.26,135.0,Orthodox,1996-08-10
http://ufcstats.com/fighter-details/8349d55cdecd393a,Antonio Silva,193.04,208.28,264.0,Orthodox,1979-09-14
http://ufcstats.com/fighter-details/8355922d564b152c,Nate Diaz,182.88,193.04,170.0,Southpaw,1985-04-16
http://ufcstats.com/fighter-details/8377c5572cb356f3,Fabio Gurgel,182.88,,205.0,Orthodox,1970-01-18
http://ufcstats.com/fighter-details/837d30395faca41e,Sheila Gaff,165.1,,135.0,Orthodox,1989-12-29
http://ufcstats.com/fighter-details/83825fad27ab3581,Joseph Gigliotti,180.34,,185.0,Orthodox,1993-08-13
http://ufcstats.com/fighter-details/83a477a7dba1ca58,Clay Harvison,185.42,187.96,170.0,Orthodox,1980-09-25
http://ufcstats.com/fighter-details/83b00f7597e5ac83,Juan Adams,195.58,203.2,265.0,Orthodox,1992-01-16
http://ufcstats.com/fighter-details/83b743fedde154fb,Joe Son,162.56,,236.0,Orthodox,1970-11-22
http://ufcstats.com/fighter-details/83c6c3e0f8bde8ee,Cory Walmsley,182.88,,205.0,Orthodox,
http://ufcstats.com/fighter-details/83d0de122f2f9664,Michael Patt,182.88,,205.0,Orthodox,
http://ufcstats.com/fighter-details/83fd97284f4bb4a4,Efrain Escudero,175.26,180.34,155.0,Orthodox,1986-01-15
http://ufcstats.com/fighter-details/840d2c82ea68b9aa,Ben Nguyen,165.1,165.1,125.0,Switch,1988-08-03
http://ufcstats.com/fighter-details/841695e02c99a521,Mansur Abdul-Malik,187.96,203.2,185.0,Orthodox,1997-10-07
http://ufcstats.com/fighter-details/84512339473dd300,Steven Koslow,170.18,175.26,125.0,Switch,1997-01-22
http://ufcstats.com/fighter-details/849c5d9979df5357,Mateusz Rebecki,170.18,167.64,155.0,Southpaw,1992-10-03
http://ufcstats.com/fighter-details/84a067c46306a737,Sam Hoger,187.96,,205.0,Orthodox,1980-06-28
http://ufcstats.com/fighter-details/84ac950d4c1722dd,Duane Ludwig,177.8,177.8,170.0,Orthodox,1978-08-04
http://ufcstats.com/fighter-details/84b3e7d38f2d2ec5,Neil Magny,190.5,203.2,170.0,Orthodox,1987-08-03
http://ufcstats.com/fighter-details/84f727cf0166d6f2,Jose Johnson,182.88,180.34,125.0,Orthodox,1995-05-20
http://ufcstats.com/fighter-details/84ff027394f7e470,Gregor Gillespie,170.18,180.34,155.0,Orthodox,1986-11-13
http://ufcstats.com/fighter-details/850266b3dc4e506e,Daniel Marcos,170.18,175.26,135.0,Orthodox,1993-03-07
http://ufcstats.com/fighter-details/85073dbd1be65ed9,Greg Hardy,195.58,203.2,265.0,Orthodox,1988-07-28
http://ufcstats.com/fighter-details/852454c572675334,James Wilks,185.42,190.5,170.0,Orthodox,1978-05-04
http://ufcstats.com/fighter-details/85248da6e9e2f7e7,Jamie Yager,185.42,,185.0,Orthodox,1983-11-29
http://ufcstats.com/fighter-details/853eb0dd5c0e2149,Kai Kara-France,162.56,175.26,125.0,Orthodox,1993-03-26
http://ufcstats.com/fighter-details/85497ffd934ecf7e,Jacobe Smith,177.8,182.88,170.0,Southpaw,1996-01-17
http://ufcstats.com/fighter-details/85980f5da429c0a6,Shane del Rosario,193.04,,250.0,Southpaw,1983-09-23
http://ufcstats.com/fighter-details/85d0fafb8b75d634,Juan Manuel Puig,175.26,,145.0,Orthodox,1989-04-23
http://ufcstats.com/fighter-details/85d905f7c4f5a1af,Murilo Bustamante,187.96,,183.0,Orthodox,1966-07-30
http://ufcstats.com/fighter-details/85e26e2468b4e82f,Hayato Sakurai,170.18,,168.0,Orthodox,1975-08-24
http://ufcstats.com/fighter-details/85ff1b9471d35238,Dmitry Sosnovskiy,190.5,195.58,240.0,Orthodox,1989-07-06
http://ufcstats.com/fighter-details/86061eaba822bfea,John Teixeira,170.18,,145.0,Orthodox,1986-11-18
http://ufcstats.com/fighter-details/8614b7134913f5d5,Jarjis Danho,190.5,187.96,265.0,Orthodox,1983-10-15
http://ufcstats.com/fighter-details/862b0b3375aa4b6e,Zarah Fairn,172.72,182.88,135.0,Orthodox,1983-12-10
http://ufcstats.com/fighter-details/863d06a7ef8bc98c,James Lee,180.34,,205.0,Southpaw,1973-09-22
http://ufcstats.com/fighter-details/8667caa0451d245b,Kennedy Nzechukwu,195.58,210.82,236.0,Southpaw,1992-06-13
http://ufcstats.com/fighter-details/866fd7b1a6c90e7f,Dusko Todorovic,185.42,187.96,185.0,Orthodox,1994-05-19
http://ufcstats.com/fighter-details/8677e67a75d65b8e,Baergeng Jieleyisi,175.26,180.34,145.0,Orthodox,1995-11-24
http://ufcstats.com/fighter-details/86bace9e4ad85542,Xiao Long,172.72,177.8,135.0,Orthodox,1998-04-13
http://ufcstats.com/fighter-details/86d9dbe1bfcbade7,Julia Avila,170.18,172.72,135.0,Orthodox,1988-05-11
http://ufcstats.com/fighter-details/86dfed7cc24a9fa7,Matt Serra,167.64,172.72,170.0,Orthodox,1974-06-02
http://ufcstats.com/fighter-details/86f582852a5b240a,Mac Danzig,172.72,177.8,155.0,Orthodox,1980-01-02
http://ufcstats.com/fighter-details/873626e5547b5235,Kyle Prepolec,177.8,177.8,155.0,Southpaw,1989-08-30
http://ufcstats.com/fighter-details/8738eacd62e82a32,Matt Andersen,187.96,,230.0,Southpaw,1971-05-29
http://ufcstats.com/fighter-details/874cfc98877daecd,Francesco Nuzzi,167.64,180.34,135.0,Southpaw,1996-08-28
http://ufcstats.com/fighter-details/8765559b6a29a421,Gaetano Pirrello,170.18,165.1,135.0,Orthodox,1992-04-29
http://ufcstats.com/fighter-details/876f478f796495f7,Josh Quinlan,182.88,182.88,170.0,Orthodox,1993-02-06
http://ufcstats.com/fighter-details/8788beb528894f33,Donnie Chappell,180.34,,178.0,Southpaw,
http://ufcstats.com/fighter-details/879b8df81523d91b,Nick Penner,193.04,,205.0,Southpaw,1980-03-26
http://ufcstats.com/fighter-details/879f6cae48d25baa,Justin Lawrence,172.72,170.18,145.0,Orthodox,1990-05-15
http://ufcstats.com/fighter-details/87a1dc546b1c5caf,Makwan Amirkhani,177.8,182.88,145.0,Southpaw,1988-11-08
http://ufcstats.com/fighter-details/87aa9fb63d6b51a1,Zabit Magomedsharipov,185.42,185.42,145.0,Orthodox,1991-03-01
http://ufcstats.com/fighter-details/87c0b1c696ddfb43,Jonathan Pearce,182.88,180.34,145.0,Switch,1992-05-01
http://ufcstats.com/fighter-details/87e2468b986ebb79,Cameron VanCamp,187.96,187.96,155.0,Switch,1993-04-27
http://ufcstats.com/fighter-details/87e4a3a5080ee7ce,Elisha Ellison,182.88,198.12,238.0,Orthodox,1997-03-05
http://ufcstats.com/fighter-details/87f19d19f4cb73f8,Magomed Bibulatov,165.1,165.1,125.0,Orthodox,1988-08-22
http://ufcstats.com/fighter-details/87f3bbf52e6c9dc9,Daniel Spohn,193.04,200.66,205.0,Southpaw,1984-10-12
http://ufcstats.com/fighter-details/87f8699fdcc2c404,Alice Ardelean,160.02,157.48,115.0,Orthodox,1992-04-19
http://ufcstats.com/fighter-details/881bf86d4cba8578,Nassourdine Imavov,190.5,190.5,185.0,Orthodox,1996-03-01
http://ufcstats.com/fighter-details/882d62561063a927,Jamie Moyle,154.94,165.1,115.0,Orthodox,1989-03-17
http://ufcstats.com/fighter-details/886264a0c9f4ea5e,Andre Muniz,185.42,198.12,185.0,Southpaw,1990-02-17
http://ufcstats.com/fighter-details/8866c6f509c19089,Ryan Hall,177.8,177.8,145.0,Southpaw,1985-02-22
http://ufcstats.com/fighter-details/887961364be5ceb3,King Green,177.8,180.34,155.0,Orthodox,1986-09-09
http://ufcstats.com/fighter-details/88a9bc81271ccd89,Vinny Magalhaes,190.5,190.5,205.0,Orthodox,1984-07-02
http://ufcstats.com/fighter-details/88be62d6c1e6dadb,Jose Ochoa,170.18,170.18,125.0,Southpaw,2000-12-31
http://ufcstats.com/fighter-details/88c8f47241d90040,John Halverson,175.26,,155.0,Southpaw,1972-09-08
http://ufcstats.com/fighter-details/88cd34d836b4ebcd,Teruto Ishihara,170.18,175.26,135.0,Southpaw,1991-07-23
http://ufcstats.com/fighter-details/88d7b6d8230e1f3f,Saparbeg Safarov,185.42,198.12,185.0,Orthodox,1986-10-14
http://ufcstats.com/fighter-details/893d51aaf024eddd,Jimy Hettes,175.26,180.34,145.0,Southpaw,1987-06-09
http://ufcstats.com/fighter-details/896c322f56b8be5a,George Sotiropoulos,177.8,180.34,155.0,Orthodox,1977-07-09
http://ufcstats.com/fighter-details/89839250eb25c9c1,Caio Machado,193.04,198.12,250.0,Southpaw,1994-07-20
http://ufcstats.com/fighter-details/899923ff6ab13917,Bevon Lewis,190.5,200.66,185.0,Orthodox,1991-05-05
http://ufcstats.com/fighter-details/89a407032911e27e,Brendan Schaub,193.04,198.12,245.0,Orthodox,1983-03-18
http://ufcstats.com/fighter-details/89b8d1bf1ff09d1d,Tim Credeur,190.5,190.5,185.0,Orthodox,1977-07-09
http://ufcstats.com/fighter-details/8a0be41c0380188d,Charlie Valencia,160.02,162.56,135.0,Orthodox,1974-10-31
http://ufcstats.com/fighter-details/8a1f3b5c526cd6e6,Daniel Rodriguez,185.42,187.96,170.0,Southpaw,1986-12-31
http://ufcstats.com/fighter-details/8a304bfd6bf04a57,Demetrious Johnson,160.02,167.64,125.0,Orthodox,1986-08-13
http://ufcstats.com/fighter-details/8a56ea383fd26e52,Galore Bofando,180.34,182.88,170.0,Switch,1982-05-22
http://ufcstats.com/fighter-details/8a59d346dc976a10,Thiago Tavares,170.18,177.8,145.0,Orthodox,1984-11-08
http://ufcstats.com/fighter-details/8a65fd9ba31fd3f7,Zhang Mingyang,187.96,190.5,205.0,Orthodox,1998-08-16
http://ufcstats.com/fighter-details/8a70ceb3edbe757b,Andrew Craig,185.42,193.04,170.0,Orthodox,1986-01-15
http://ufcstats.com/fighter-details/8a8a84b743ae7699,Dennis Hallman,175.26,182.88,155.0,Orthodox,1975-12-02
http://ufcstats.com/fighter-details/8a9c6c4301f6d088,Danny Martinez,167.64,170.18,125.0,Orthodox,1985-06-14
http://ufcstats.com/fighter-details/8abac218746e04ca,Takashi Sato,177.8,185.42,170.0,Southpaw,1990-06-09
http://ufcstats.com/fighter-details/8abf70f79e9e27c2,Tor Troeng,187.96,,185.0,Orthodox,1983-01-25
http://ufcstats.com/fighter-details/8adcbd525fab8d9b,Elizeu Zaleski dos Santos,180.34,185.42,170.0,Orthodox,1986-12-11
http://ufcstats.com/fighter-details/8b1b051038354655,Sofia Montenegro,167.64,170.18,115.0,Orthodox,1999-06-18
http://ufcstats.com/fighter-details/8b1ed83b02303075,Taylor Lapilus,167.64,185.42,135.0,Southpaw,1992-04-08
http://ufcstats.com/fighter-details/8b260672a21d1fd6,John Cofer,175.26,,155.0,Southpaw,1984-04-29
http://ufcstats.com/fighter-details/8b5f9ea38184ded3,Nicholas Musoke,182.88,190.5,170.0,Orthodox,1986-04-05
http://ufcstats.com/fighter-details/8b69839f3555a67b,Martin Kampmann,182.88,182.88,170.0,Orthodox,1982-04-17
http://ufcstats.com/fighter-details/8b6e5dc2ba1edbe7,Sam Patterson,190.5,198.12,170.0,Orthodox,1996-04-30
http://ufcstats.com/fighter-details/8bb6f4479685bbcc,Vaughan Lee,167.64,167.64,125.0,Orthodox,1982-10-15
http://ufcstats.com/fighter-details/8bbc0cfc01bc1ba1,Leonardo Mafra,177.8,177.8,155.0,Orthodox,1989-04-25
http://ufcstats.com/fighter-details/8bd4200561c77a62,Ketlen Souza,160.02,160.02,115.0,Orthodox,1994-08-18
http://ufcstats.com/fighter-details/8bdac25ce0bb874d,Ronda Rousey,170.18,167.64,135.0,Orthodox,1987-02-01
http://ufcstats.com/fighter-details/8be158ca1e5ea6a0,Dwight Grant,185.42,193.04,185.0,Switch,1984-09-14
http://ufcstats.com/fighter-details/8c020156779f7888,Melinda Fabian,167.64,167.64,125.0,Orthodox,1987-06-25
http://ufcstats.com/fighter-details/8c0580d4fff106c1,Kelvin Gastelum,175.26,180.34,185.0,Southpaw,1991-10-24
http://ufcstats.com/fighter-details/8c169fbe1ac33637,Loik Radzhabov,180.34,175.26,155.0,Orthodox,1990-09-17
http://ufcstats.com/fighter-details/8c1ca54b5089d199,Maheshate,182.88,180.34,155.0,Orthodox,1999-12-01
http://ufcstats.com/fighter-details/8c39367b53eadf8a,Jesse Strader,170.18,177.8,135.0,Orthodox,1991-05-29
http://ufcstats.com/fighter-details/8c3f3c43c8ceb778,Justin Levens,180.34,,185.0,Orthodox,1980-04-18
http://ufcstats.com/fighter-details/8c57c7b8c3bab0eb,Nicolae Negumereanu,182.88,198.12,205.0,Orthodox,1994-09-04
http://ufcstats.com/fighter-details/8c822811eedc11ad,Anton Zafir,180.34,,170.0,Orthodox,1987-05-10
http://ufcstats.com/fighter-details/8c8c92a12621d7e0,Chris Cope,182.88,182.88,170.0,Orthodox,1983-03-05
http://ufcstats.com/fighter-details/8caca5857ce0e30b,David Lee,177.8,,155.0,Orthodox,1978-04-12
http://ufcstats.com/fighter-details/8cad40a75e5c97f5,Eddie Gordon,182.88,193.04,185.0,Orthodox,1983-07-22
http://ufcstats.com/fighter-details/8cb76103cd8a1562,Nick Pace,170.18,172.72,135.0,Orthodox,1987-04-17
http://ufcstats.com/fighter-details/8cb78f3a6c2a08f7,Leah Letson,170.18,180.34,145.0,Southpaw,1992-08-21
http://ufcstats.com/fighter-details/8ce87f7e3a9baed2,Tiago dos Santos e Silva,175.26,177.8,145.0,Orthodox,1987-04-12
http://ufcstats.com/fighter-details/8d03ce87ca14e778,Francis Ngannou,193.04,210.82,250.0,Orthodox,1986-09-05
http://ufcstats.com/fighter-details/8d11d9c13e2ccdf7,Muhammad Naimov,175.26,177.8,145.0,Orthodox,1994-08-07
http://ufcstats.com/fighter-details/8d20d76af3f213ce,Joseph Holmes,193.04,203.2,185.0,Orthodox,1995-07-04
http://ufcstats.com/fighter-details/8d26912cd2aeb366,Jeremy Horn,185.42,187.96,185.0,Orthodox,1975-08-25
http://ufcstats.com/fighter-details/8d3273573b85be09,Asu Almabayev,162.56,165.1,125.0,Orthodox,1994-01-25
http://ufcstats.com/fighter-details/8d49545dadf9b919,Edgar Garcia,177.8,180.34,170.0,Orthodox,1984-02-22
http://ufcstats.com/fighter-details/8d5350fa18b79e9a,James Mulheron,177.8,185.42,243.0,Orthodox,1988-02-20
http://ufcstats.com/fighter-details/8d5daf67983b65ba,Fred Ettish,182.88,,180.0,Southpaw,1955-10-12
http://ufcstats.com/fighter-details/8d9586726252dbf7,Kevin Casey,180.34,195.58,185.0,Southpaw,1981-06-15
http://ufcstats.com/fighter-details/8dc46e9a7895ce1a,Alexandre Dantas,187.96,,238.0,Orthodox,1979-03-01
http://ufcstats.com/fighter-details/8ddf9c51c5fdea75,Rousimar Palhares,172.72,180.34,170.0,Orthodox,1980-02-26
http://ufcstats.com/fighter-details/8e1f36476ef02a6a,Jennifer Maia,162.56,162.56,125.0,Orthodox,1988-10-06
http://ufcstats.com/fighter-details/8e382b585a92affe,Phil Rowe,190.5,203.2,170.0,Orthodox,1990-07-18
http://ufcstats.com/fighter-details/8e4902b4a8045070,Hector Santiago,165.1,172.72,135.0,Orthodox,1993-03-21
http://ufcstats.com/fighter-details/8e5bfd4e82352340,Pablo Garza,185.42,185.42,145.0,Orthodox,1983-09-16
http://ufcstats.com/fighter-details/8e5d953bdb9ae5e7,Loopy Godinez,157.48,154.94,115.0,Orthodox,1993-09-06
http://ufcstats.com/fighter-details/8e6654e9f0461b8f,Cody Haddon,170.18,175.26,135.0,Orthodox,1998-09-08
http://ufcstats.com/fighter-details/8e893f269d5696b2,Tyler Toner,172.72,177.8,145.0,Orthodox,1983-03-31
http://ufcstats.com/fighter-details/8e8e4487c621aa1c,Joe Ellenberger,175.26,182.88,155.0,Orthodox,1985-03-28
http://ufcstats.com/fighter-details/8e9eb3fc86db0f7d,Marc-Andre Barriault,185.42,187.96,185.0,Orthodox,1990-02-18
http://ufcstats.com/fighter-details/8eb046f83e82bf26,Martin Buday,193.04,195.58,265.0,Orthodox,1991-11-11
http://ufcstats.com/fighter-details/8ebc3a8da015d70c,Cam Rowston,190.5,198.12,185.0,Orthodox,1995-01-19
http://ufcstats.com/fighter-details/8ef4a91ac694b7ce,Shayna Baszler,170.18,,135.0,Orthodox,1980-08-08
http://ufcstats.com/fighter-details/8f0d576beba1cfcd,Matt Dwyer,193.04,193.04,170.0,Orthodox,1989-12-17
http://ufcstats.com/fighter-details/8f2939f5fd9cca1e,TJ Waldburger,180.34,190.5,170.0,Orthodox,1988-04-25
http://ufcstats.com/fighter-details/8f2d9ee27f206f1f,Evan Tanner,182.88,187.96,185.0,Orthodox,1971-02-11
http://ufcstats.com/fighter-details/8f2deefe8c5dfb5d,Alberto Uda,190.5,,185.0,Orthodox,1984-08-08
http://ufcstats.com/fighter-details/8f382b3baa954d2a,Jessica Aguilar,160.02,160.02,115.0,Orthodox,1982-05-08
http://ufcstats.com/fighter-details/8f3df4c579cfbb69,David Mitchell,182.88,190.5,170.0,Orthodox,1979-10-24
http://ufcstats.com/fighter-details/8f4528c10bd34fab,Mandel Nallo,182.88,190.5,155.0,Orthodox,1989-07-26
http://ufcstats.com/fighter-details/8f4eeaf7a0df7c1a,Teemu Packalen,185.42,190.5,155.0,Orthodox,1987-05-22
http://ufcstats.com/fighter-details/8f5c8850b2484173,Mairbek Taisumov,175.26,185.42,155.0,Orthodox,1988-08-08
http://ufcstats.com/fighter-details/8f6a18831a120817,James Krause,187.96,185.42,170.0,Orthodox,1986-06-04
http://ufcstats.com/fighter-details/8f765fd5775a8873,Rinat Fakhretdinov,182.88,187.96,170.0,Orthodox,1991-09-28
http://ufcstats.com/fighter-details/8fa2b06572365321,Marcus Jones,198.12,,265.0,Orthodox,1973-08-15
http://ufcstats.com/fighter-details/8fc9ae9c7527dfcb,Callan Potter,182.88,182.88,170.0,Orthodox,1984-06-09
http://ufcstats.com/fighter-details/8fd1f27e86661ede,Alexandre Barros,175.26,,170.0,Southpaw,1976-11-19
http://ufcstats.com/fighter-details/8fd808923cffff82,Andre Fili,180.34,187.96,145.0,Orthodox,1990-06-25
http://ufcstats.com/fighter-details/9014c02eff8b3d62,Carlos Ulberg,193.04,195.58,205.0,Orthodox,1990-11-07
http://ufcstats.com/fighter-details/901cddcbfa079097,Will Campuzano,175.26,177.8,125.0,Orthodox,1986-05-27
http://ufcstats.com/fighter-details/902ab9197b83d0db,Phil Davis,187.96,200.66,205.0,Orthodox,1984-09-25
http://ufcstats.com/fighter-details/902ec2cc48c8ae8a,Julian Erosa,185.42,187.96,145.0,Southpaw,1989-07-31
http://ufcstats.com/fighter-details/907e60fd13407e1e,Bec Rawlings,167.64,162.56,125.0,Orthodox,1989-02-11
http://ufcstats.com/fighter-details/90da09db03e41748,Sergey Khandozhko,185.42,187.96,170.0,Orthodox,1992-05-19
http://ufcstats.com/fighter-details/90e0985df05e51bc,Ray Rodriguez,170.18,177.8,135.0,Orthodox,1987-12-10
http://ufcstats.com/fighter-details/91181b29be041f1c,Greg Stott,170.18,,220.0,Southpaw,
http://ufcstats.com/fighter-details/91186547a7f3f758,Ricardo Almeida,182.88,187.96,170.0,Orthodox,1976-11-29
http://ufcstats.com/fighter-details/911fb265462f0d94,Travis Fulton,182.88,,240.0,Orthodox,1977-05-29
http://ufcstats.com/fighter-details/9123c54d0a2b72dd,Christian Colombo,195.58,,265.0,Orthodox,1980-07-01
http://ufcstats.com/fighter-details/9147679e1a4ad4a3,Richardson Moreira,187.96,,185.0,Orthodox,1984-03-31
http://ufcstats.com/fighter-details/914a897455693650,Carl Deaton,170.18,175.26,155.0,Orthodox,1989-11-24
http://ufcstats.com/fighter-details/915c8d39d4a0e7d1,Ramiro Hernandez,175.26,,135.0,Orthodox,1986-07-22
http://ufcstats.com/fighter-details/91720876db0ee468,Jason Gilliam,182.88,,170.0,Orthodox,1972-10-31
http://ufcstats.com/fighter-details/917a5cb9821df261,Jeremy Kimball,182.88,182.88,205.0,Switch,1991-01-03
http://ufcstats.com/fighter-details/917e53fa0adea0d3,Leonard Garcia,177.8,172.72,145.0,Orthodox,1979-07-14
http://ufcstats.com/fighter-details/918d9d89d4d52acc,Anthony Torres,172.72,,170.0,Orthodox,1978-07-31
http://ufcstats.com/fighter-details/918db42c3637916f,Leigh Remedios,170.18,,155.0,Orthodox,1976-01-13
http://ufcstats.com/fighter-details/9199e0735b83dd32,Andy Anderson,167.64,,240.0,,1974-07-16
http://ufcstats.com/fighter-details/91acd6910b802a9e,Chris Lytle,180.34,172.72,170.0,Orthodox,1974-08-18
http://ufcstats.com/fighter-details/91d73ee59347ac16,Brodie Farber,185.42,,170.0,Orthodox,1980-07-05
http://ufcstats.com/fighter-details/91dac5e69e28d5b5,Pannie Kianzad,170.18,167.64,135.0,Orthodox,1991-12-08
http://ufcstats.com/fighter-details/91ea901c458e95dd,Jared Rosholt,187.96,190.5,265.0,Orthodox,1986-08-04
http://ufcstats.com/fighter-details/92437c6775b3f7d1,John Moraga,167.64,167.64,125.0,Orthodox,1984-03-20
http://ufcstats.com/fighter-details/9256f591b30c073e,Felipe Lima,167.64,172.72,135.0,Orthodox,1998-05-07
http://ufcstats.com/fighter-details/928ae2e5b5f7a9ec,Justine Kish,165.1,162.56,125.0,Orthodox,1988-04-13
http://ufcstats.com/fighter-details/92a9aa9c93192871,Darren Elkins,177.8,180.34,145.0,Orthodox,1984-05-16
http://ufcstats.com/fighter-details/92aafa8f4b26269b,Walel Watson,180.34,190.5,135.0,Orthodox,1984-07-16
http://ufcstats.com/fighter-details/92aed9d16794f42b,Robert Ruchala,172.72,182.88,145.0,Switch,1998-05-15
http://ufcstats.com/fighter-details/92b36014314b028b,Peggy Morgan,185.42,,135.0,,1979-12-16
http://ufcstats.com/fighter-details/92b62174c175ce19,Clint Hester,187.96,195.58,205.0,Orthodox,1986-11-21
http://ufcstats.com/fighter-details/92fa1401b7927da3,Jake Collier,190.5,198.12,230.0,Orthodox,1988-10-25
http://ufcstats.com/fighter-details/9310418684bc896f,Pawel Pawlak,182.88,185.42,170.0,Orthodox,1989-02-08
http://ufcstats.com/fighter-details/934de214814b8ff4,Jesse Bongfeldt,182.88,,185.0,Orthodox,1980-08-28
http://ufcstats.com/fighter-details/9384e71bca6c409d,Marco Tulio,182.88,187.96,185.0,Orthodox,1994-06-13
http://ufcstats.com/fighter-details/93892752c5fc23ca,Jerry Bohlander,180.34,,199.0,Orthodox,1974-02-12
http://ufcstats.com/fighter-details/938ad489fb7a1f31,Levan Makashvili,172.72,172.72,145.0,Orthodox,1989-01-07
http://ufcstats.com/fighter-details/93b2b7caa457cbea,James Llontop,182.88,185.42,155.0,Orthodox,1999-08-02
http://ufcstats.com/fighter-details/93b62c5f2ba18e51,Gustavo Lopez,165.1,170.18,135.0,Orthodox,1989-06-27
http://ufcstats.com/fighter-details/93b9496275bbbf80,Seth Petruzelli,182.88,193.04,205.0,Orthodox,1979-12-03
http://ufcstats.com/fighter-details/93ce4ac89e3d7652,Luke Cummo,182.88,187.96,170.0,Orthodox,1980-04-27
http://ufcstats.com/fighter-details/93f9c19ae41d2a97,Pavel Andrusca,170.18,167.64,145.0,Orthodox,2002-05-08
http://ufcstats.com/fighter-details/94070f6544c4b2a5,Rodrigo Ruas,177.8,,185.0,Orthodox,1977-10-06
http://ufcstats.com/fighter-details/94426bb170c88115,Sodiq Yusuff,175.26,180.34,155.0,Orthodox,1993-05-19
http://ufcstats.com/fighter-details/9450848a71d53776,Lorenz Larkin,180.34,182.88,170.0,Orthodox,1986-09-03
http://ufcstats.com/fighter-details/94508d80e1f885fc,Augusto Montano,185.42,185.42,170.0,Orthodox,1984-10-25
http://ufcstats.com/fighter-details/94527830000ab715,Rani Yahya,167.64,170.18,135.0,Orthodox,1984-09-12
http://ufcstats.com/fighter-details/94609dd91731d428,Jeff Newton,187.96,,205.0,Sideways,1966-12-11
http://ufcstats.com/fighter-details/946db8a378903cc3,Joe Giannetti,182.88,187.96,155.0,Southpaw,1995-07-05
http://ufcstats.com/fighter-details/946f341df6472ee0,Guy Mezger,185.42,,200.0,Orthodox,1968-01-01
http://ufcstats.com/fighter-details/947eccadb72f4f6f,Jesse Forbes,187.96,190.5,185.0,Southpaw,1984-10-24
http://ufcstats.com/fighter-details/948880beac71f028,Felipe Olivieri,175.26,,155.0,Orthodox,1985-04-12
http://ufcstats.com/fighter-details/9508cc6184cb2450,Eric McConico,182.88,195.58,185.0,Southpaw,1990-05-09
http://ufcstats.com/fighter-details/950d0ef5c17157c5,Maxim Grishin,190.5,198.12,205.0,Orthodox,1984-05-02
http://ufcstats.com/fighter-details/952f6fa06f25a0ec,Carlos Newton,175.26,,170.0,Orthodox,1976-08-17
http://ufcstats.com/fighter-details/955da1675ad58a50,Josh Hokit,185.42,185.42,235.0,Orthodox,1997-11-12
http://ufcstats.com/fighter-details/9560ff14eb3129f7,Giga Chikadze,182.88,187.96,145.0,Orthodox,1988-08-25
http://ufcstats.com/fighter-details/9583662df31d943f,Luigi Fioravanti,172.72,177.8,170.0,Orthodox,1981-01-22
http://ufcstats.com/fighter-details/95aff2fd8d09a5f0,Abdul Rakhman Yakhyaev,187.96,198.12,205.0,Orthodox,2001-01-03
http://ufcstats.com/fighter-details/95eb112a85601a0a,Jutaro Nakao,175.26,,170.0,Southpaw,1970-11-30
http://ufcstats.com/fighter-details/96087e90d900f0ef,Robert Lucarelli,187.96,,245.0,,
http://ufcstats.com/fighter-details/960d6cae8879ba2b,Robert Peralta,172.72,180.34,145.0,Orthodox,1986-03-14
http://ufcstats.com/fighter-details/96428b9e9bd048ea,Luke Sanders,167.64,170.18,135.0,Southpaw,1985-12-12
http://ufcstats.com/fighter-details/9673a497a9da119a,Polyana Viana,165.1,170.18,115.0,Orthodox,1992-06-14
http://ufcstats.com/fighter-details/96924b0019b3aff1,Gaston Bolanos,170.18,175.26,145.0,Orthodox,1992-09-14
http://ufcstats.com/fighter-details/96c336b463e0662c,Frankie Perez,180.34,185.42,155.0,Orthodox,1989-05-11
http://ufcstats.com/fighter-details/96d173b7f92aa520,Onassis Parungao,180.34,,200.0,,
http://ufcstats.com/fighter-details/970beed85bc46b63,Delson Heleno,180.34,,185.0,Orthodox,1977-11-16
http://ufcstats.com/fighter-details/971246648e162f0d,Chase Hooper,185.42,187.96,155.0,Southpaw,1999-09-13
http://ufcstats.com/fighter-details/971dba22c622af12,Josefine Knutsson,160.02,152.4,115.0,Orthodox,1996-01-16
http://ufcstats.com/fighter-details/972c456ff38b2015,Claudio Ribeiro,185.42,195.58,185.0,Orthodox,1992-07-17
http://ufcstats.com/fighter-details/977081bc01197656,Scott Ferrozzo,180.34,,323.0,Orthodox,1965-04-26
http://ufcstats.com/fighter-details/97a6bbe6e6566a94,Francisco Trevino,175.26,177.8,155.0,Orthodox,1981-12-17
http://ufcstats.com/fighter-details/97a8f39186f489db,Jeff Hougland,170.18,172.72,135.0,Orthodox,1978-08-02
http://ufcstats.com/fighter-details/97cf1a2c7c5e7889,Steve Garcia,182.88,190.5,145.0,Southpaw,1992-05-22
http://ufcstats.com/fighter-details/980b4e712489098e,Dave Strasser,177.8,,170.0,Orthodox,1969-07-13
http://ufcstats.com/fighter-details/981ab7a0576f76a0,Julie Kedzie,165.1,,135.0,Orthodox,1981-03-18
http://ufcstats.com/fighter-details/98215d037be5bcb7,Cynthia Calvillo,162.56,162.56,115.0,Orthodox,1987-07-13
http://ufcstats.com/fighter-details/984d15d5dc7bfcf9,James Bochnovic,193.04,205.74,205.0,Orthodox,1989-02-13
http://ufcstats.com/fighter-details/98a58c26c5b1ed17,Patricio Pitbull,167.64,170.18,145.0,Orthodox,1987-07-07
http://ufcstats.com/fighter-details/98a6b2361045898f,Dong Hyun Ma,180.34,177.8,155.0,Orthodox,1988-09-09
http://ufcstats.com/fighter-details/98aa60cf58071fd6,Kyoji Horiguchi,162.56,160.02,125.0,Orthodox,1990-10-12
http://ufcstats.com/fighter-details/98b80a717b9bda17,Matt Hamill,185.42,193.04,205.0,Orthodox,1976-10-05
http://ufcstats.com/fighter-details/98c23cb6da5b3352,Aleksei Oleinik,187.96,203.2,240.0,Orthodox,1977-06-20
http://ufcstats.com/fighter-details/98d961097baaf308,Shane Burgos,180.34,190.5,145.0,Orthodox,1991-03-19
http://ufcstats.com/fighter-details/98e946879ba20c0f,Boston Salmon,175.26,175.26,135.0,Southpaw,1990-11-20
http://ufcstats.com/fighter-details/98ec9f385cca47fc,Besam Yousef,180.34,,170.0,Orthodox,1985-03-25
http://ufcstats.com/fighter-details/98f6da59d765ec94,Charlie Brenneman,177.8,177.8,155.0,Orthodox,1981-02-09
http://ufcstats.com/fighter-details/990bd63726a577f8,Tim Williams,187.96,193.04,185.0,Orthodox,1986-07-03
http://ufcstats.com/fighter-details/9911989cf48b195d,Fabia Sintes,170.18,165.1,125.0,Orthodox,1994-07-27
http://ufcstats.com/fighter-details/99223fbb4a05326b,Damian Rzepecki,177.8,180.34,155.0,Orthodox,2001-11-23
http://ufcstats.com/fighter-details/993d385f5a475375,Andy Enz,190.5,198.12,185.0,Orthodox,1991-08-15
http://ufcstats.com/fighter-details/99506df1af6c8b3b,John Dodson,160.02,167.64,135.0,Orthodox,1984-09-26
http://ufcstats.com/fighter-details/99bcdf5eac39898f,Jordan Johnson,187.96,200.66,205.0,Orthodox,1988-11-18
http://ufcstats.com/fighter-details/99bd51917728c25d,Grant Dawson,177.8,182.88,155.0,Switch,1994-02-20
http://ufcstats.com/fighter-details/99bd87a300079ed9,Erik Koch,177.8,180.34,170.0,Southpaw,1988-10-04
http://ufcstats.com/fighter-details/99c7610aa74995d3,Cathal Pendred,185.42,190.5,170.0,Orthodox,1987-09-02
http://ufcstats.com/fighter-details/99dd0147dc4ef80c,Genki Sudo,175.26,,155.0,Orthodox,1978-03-08
http://ufcstats.com/fighter-details/99df7d0a2a08a8a8,Jan Blachowicz,187.96,198.12,205.0,Orthodox,1983-02-24
http://ufcstats.com/fighter-details/9a2d3567abc02e34,Tae Hyun Bang,175.26,180.34,155.0,Switch,1983-04-15
http://ufcstats.com/fighter-details/9a967e8e43dcef63,Joao Pierini,185.42,,155.0,Switch,1971-12-11
http://ufcstats.com/fighter-details/9a97acbfd5a08bfa,David Martinez,165.1,170.18,135.0,Orthodox,1998-08-03
http://ufcstats.com/fighter-details/9ab9912e0f8fa6d6,Cory Hendricks,190.5,,205.0,Switch,1988-05-10
http://ufcstats.com/fighter-details/9abc648e76c4493a,Bill Algeo,182.88,185.42,145.0,Switch,1989-06-09
http://ufcstats.com/fighter-details/9ac4e43ed56429ed,Levi Rodrigues Jr.,182.88,193.04,205.0,Orthodox,1996-10-15
http://ufcstats.com/fighter-details/9ada30894bf04e19,David Dvorak,165.1,172.72,125.0,Orthodox,1992-06-05
http://ufcstats.com/fighter-details/9b198c73e3d0d289,Justin Salas,172.72,177.8,155.0,Southpaw,1982-03-13
http://ufcstats.com/fighter-details/9b1e3fb4f8cbd5b7,Ricky Rainey,185.42,195.58,170.0,Switch,1983-06-29
http://ufcstats.com/fighter-details/9b5b5a75523728f3,Kazushi Sakuraba,182.88,,185.0,Southpaw,1969-07-14
http://ufcstats.com/fighter-details/9b68bf67c5695185,Todd Brown,180.34,,205.0,Orthodox,1976-12-13
http://ufcstats.com/fighter-details/9b74de674c355425,Paul Taylor,182.88,182.88,155.0,Orthodox,1979-12-15
http://ufcstats.com/fighter-details/9b75954db8db2a08,Justin Jones,180.34,,185.0,Orthodox,1987-09-06
http://ufcstats.com/fighter-details/9b7694d064a8a0ad,Rustam Khabilov,172.72,185.42,155.0,Orthodox,1986-11-04
http://ufcstats.com/fighter-details/9b7dfb3b7d99926a,Vanessa Melo,165.1,165.1,135.0,Orthodox,1988-03-27
http://ufcstats.com/fighter-details/9ba2226646046b63,Frankie Saenz,167.64,167.64,135.0,Orthodox,1980-08-12
http://ufcstats.com/fighter-details/9bad58fa651d6196,Jermaine Andre,170.18,,200.0,Orthodox,1973-07-16
http://ufcstats.com/fighter-details/9bcf8603ceb25680,Dong Hyun Kim,187.96,193.04,170.0,Southpaw,1981-11-17
http://ufcstats.com/fighter-details/9be6020024133293,Cyril Asker,182.88,187.96,247.0,Orthodox,1985-12-24
http://ufcstats.com/fighter-details/9c27f3217891f3f0,Kris Moutinho,170.18,172.72,135.0,Southpaw,1992-08-09
http://ufcstats.com/fighter-details/9c393e836a852f30,Mauricio Ruffy,180.34,190.5,155.0,Orthodox,1996-06-17
http://ufcstats.com/fighter-details/9c42a0de8e012870,Kelly Faszholz,172.72,,135.0,Orthodox,1985-04-09
http://ufcstats.com/fighter-details/9c442aaf149ea982,Shauna Bannon,165.1,165.1,115.0,Switch,1993-10-23
http://ufcstats.com/fighter-details/9c44f290f5726d95,Martin Bravo,172.72,180.34,145.0,Southpaw,1993-09-21
http://ufcstats.com/fighter-details/9c65736747ca92ec,Leonardo Santos,182.88,190.5,155.0,Orthodox,1980-02-05
http://ufcstats.com/fighter-details/9c669abd35b2522f,Greg Soto,180.34,185.42,170.0,Orthodox,1986-06-03
http://ufcstats.com/fighter-details/9c907996820d2d69,Jimmie Rivera,162.56,172.72,135.0,Orthodox,1989-06-29
http://ufcstats.com/fighter-details/9ca265dfe8323db3,Tim McKenzie,182.88,187.96,185.0,Orthodox,1982-07-21
http://ufcstats.com/fighter-details/9ccdd2ce45903f34,Mark Weir,187.96,,185.0,Southpaw,1967-09-19
http://ufcstats.com/fighter-details/9ccf8371fd80d45d,Luan Chagas,182.88,190.5,170.0,Orthodox,1993-06-17
http://ufcstats.com/fighter-details/9cd047a828dd7515,KB Bhullar,193.04,198.12,185.0,Switch,1991-10-12
http://ufcstats.com/fighter-details/9cdd2da1a9104a0b,Macy Chiasson,180.34,182.88,135.0,Orthodox,1991-07-27
http://ufcstats.com/fighter-details/9ce6d5a03af801b7,Darren Till,182.88,187.96,185.0,Southpaw,1992-12-24
http://ufcstats.com/fighter-details/9cfbfae5fa1fdd93,Geraldo de Freitas,170.18,182.88,135.0,Orthodox,1991-09-30
http://ufcstats.com/fighter-details/9d19d9e4aa2662e8,Nicolas Dalby,180.34,187.96,170.0,Orthodox,1984-11-16
http://ufcstats.com/fighter-details/9d4522df6fc49a47,Kuniyoshi Hironaka,177.8,177.8,168.0,Orthodox,1976-06-17
http://ufcstats.com/fighter-details/9d51798e61f2e0c7,Kurtis Campbell,175.26,182.88,145.0,Switch,2002-07-29
http://ufcstats.com/fighter-details/9d62c2d8ee151f08,Karine Silva,165.1,170.18,125.0,Orthodox,1993-12-02
http://ufcstats.com/fighter-details/9d83f6da776ff7d6,Roman Kopylov,182.88,190.5,185.0,Southpaw,1992-05-04
http://ufcstats.com/fighter-details/9ddfb3369a3b0394,Antonio Banuelos,165.1,160.02,135.0,Orthodox,1979-09-23
http://ufcstats.com/fighter-details/9dedfdd91070ddd8,Victoria Leonardo,165.1,162.56,125.0,Orthodox,1990-02-16
http://ufcstats.com/fighter-details/9deff9e3e8d94d47,Josh Samman,190.5,200.66,185.0,Orthodox,1988-03-14
http://ufcstats.com/fighter-details/9e50097a89442158,Mickey Gall,187.96,187.96,170.0,Switch,1992-01-22
http://ufcstats.com/fighter-details/9e8f6c728eb01124,Justin Gaethje,180.34,177.8,155.0,Orthodox,1988-11-14
http://ufcstats.com/fighter-details/9e92e1ca498d7244,Fernie Garcia,170.18,170.18,135.0,Orthodox,1992-04-12
http://ufcstats.com/fighter-details/9eb069062a0cfc13,Nolan Ticman,167.64,,125.0,Orthodox,1988-05-17
http://ufcstats.com/fighter-details/9edf2c9082cc2cd8,Blood Diamond,180.34,193.04,170.0,Switch,1988-07-10
http://ufcstats.com/fighter-details/9eed2bcc9e0b92af,Leon Shahbazyan,193.04,187.96,170.0,Orthodox,1995-11-18
http://ufcstats.com/fighter-details/9eef6584fab21fbb,Cindy Dandois,170.18,,135.0,Orthodox,1984-10-26
http://ufcstats.com/fighter-details/9f1641c08cf8fbe2,Shannon Gugerty,177.8,180.34,155.0,Orthodox,1981-12-30
http://ufcstats.com/fighter-details/9f488f520ed25bbf,Kenichi Yamamoto,182.88,,170.0,Orthodox,1976-07-11
http://ufcstats.com/fighter-details/9f5609dba6584ab2,Regina Tarin,170.18,167.64,135.0,Southpaw,2004-10-19
http://ufcstats.com/fighter-details/9f5e3c20ce40b344,Klaudia Sygula,172.72,175.26,135.0,Orthodox,1998-12-30
http://ufcstats.com/fighter-details/9f755fb04cc21499,Noad Lahat,175.26,175.26,145.0,Orthodox,1984-06-08
http://ufcstats.com/fighter-details/9f7787e56a6bc0f4,Sako Chivitchian,180.34,,155.0,Orthodox,1984-03-11
http://ufcstats.com/fighter-details/9f842be1a5337be6,Michihiro Omigawa,167.64,172.72,145.0,Orthodox,1975-12-19
http://ufcstats.com/fighter-details/9fa3bd637edd9aa2,Patrick Cote,180.34,190.5,170.0,Orthodox,1980-02-29
http://ufcstats.com/fighter-details/9fa568ad2bf2cb0b,Justin Scoggins,170.18,167.64,125.0,Southpaw,1992-05-02
http://ufcstats.com/fighter-details/9fd1f08dd4aec14a,Dave Beneteau,187.96,,250.0,Orthodox,
http://ufcstats.com/fighter-details/9fe7af8b3fbe00a0,Preston Parsons,180.34,180.34,170.0,Orthodox,1995-07-15
http://ufcstats.com/fighter-details/9fe85152f351e737,Mike Swick,185.42,195.58,170.0,Orthodox,1979-06-19
http://ufcstats.com/fighter-details/a00ec21cfbba17b6,Yui Chul Nam,175.26,,145.0,Orthodox,1981-07-16
http://ufcstats.com/fighter-details/a01a62132460a98d,Adam Fugitt,185.42,195.58,170.0,Southpaw,1989-01-12
http://ufcstats.com/fighter-details/a01e84abefd85ec0,Pascal Krauss,185.42,,170.0,Orthodox,1987-04-19
http://ufcstats.com/fighter-details/a0602dd050bebefc,Jon Manley,185.42,,170.0,Orthodox,1986-07-07
http://ufcstats.com/fighter-details/a08d909a5be6f410,Eliot Marshall,187.96,195.58,205.0,Orthodox,1980-07-07
http://ufcstats.com/fighter-details/a08ddd04eaffd81d,Mariya Agapova,167.64,172.72,125.0,Southpaw,1997-04-07
http://ufcstats.com/fighter-details/a09ed60aa67a3f67,Farid Basharat,172.72,180.34,135.0,Orthodox,1997-08-02
http://ufcstats.com/fighter-details/a0b91014e9d16a76,Cale Yarbrough,185.42,,185.0,Orthodox,1986-12-27
http://ufcstats.com/fighter-details/a0c139b34f11421a,John Gunderson,175.26,175.26,155.0,Orthodox,1979-01-05
http://ufcstats.com/fighter-details/a0c64f272b65d441,Eric Shelton,167.64,172.72,125.0,Orthodox,1991-02-02
http://ufcstats.com/fighter-details/a0e6753c42698f13,Omar Morales,180.34,185.42,155.0,Orthodox,1985-10-17
http://ufcstats.com/fighter-details/a0e75f4a13eb73f1,Megan Anderson,182.88,182.88,145.0,Orthodox,1990-02-11
http://ufcstats.com/fighter-details/a0f0004aadf10b71,Alexandre Pantoja,165.1,170.18,125.0,Orthodox,1990-04-16
http://ufcstats.com/fighter-details/a112097ad877a48f,Alberto Montes,170.18,175.26,145.0,Orthodox,1994-05-31
http://ufcstats.com/fighter-details/a12a8314adc1c1c9,Laureano Staropoli,185.42,180.34,185.0,Orthodox,1993-02-27
http://ufcstats.com/fighter-details/a13d755965a4ec9f,Rongzhu,175.26,177.8,155.0,Orthodox,2000-03-07
http://ufcstats.com/fighter-details/a149d6bc670cdb60,Dustin Hazelett,185.42,193.04,170.0,Orthodox,1986-04-29
http://ufcstats.com/fighter-details/a17322f99ddfd8e9,Bristol Marunde,185.42,190.5,170.0,Orthodox,1982-04-20
http://ufcstats.com/fighter-details/a17ad5a5048e8c3f,Darren Stewart,182.88,187.96,205.0,Orthodox,1990-12-30
http://ufcstats.com/fighter-details/a1ad35b98a9136e5,Lawrence Lui,170.18,182.88,135.0,Orthodox,1996-08-04
http://ufcstats.com/fighter-details/a1b0715c4fd2dbd3,Azamat Gashimov,167.64,,125.0,Orthodox,1990-04-07
http://ufcstats.com/fighter-details/a1f6999fe57236e0,Wanderlei Silva,180.34,187.96,205.0,Orthodox,1976-07-03
http://ufcstats.com/fighter-details/a20d7dfaba74c067,Rodrigo Damm,170.18,180.34,155.0,Orthodox,1980-02-03
http://ufcstats.com/fighter-details/a20f234df70f2182,Ji Yeon Kim,170.18,182.88,125.0,Orthodox,1989-10-18
http://ufcstats.com/fighter-details/a220be6d41d6f97d,Carlos Barreto,193.04,,230.0,Orthodox,1968-07-22
http://ufcstats.com/fighter-details/a24e080000fa7a35,Darrel Gholar,172.72,,194.0,Orthodox,1962-11-07
http://ufcstats.com/fighter-details/a26198ba5093147e,TJ Grant,177.8,182.88,155.0,Orthodox,1984-02-26
http://ufcstats.com/fighter-details/a264d4e9a4d6bfe4,Sangwook Kim,182.88,180.34,155.0,Orthodox,1993-10-17
http://ufcstats.com/fighter-details/a29db9cd4f9ccea5,Natan Levy,175.26,180.34,155.0,Southpaw,1991-09-30
http://ufcstats.com/fighter-details/a2b06ca02bca14c0,Harold Howard,187.96,,240.0,Orthodox,
http://ufcstats.com/fighter-details/a2b12c3f3d60ff69,Alex Garcia,175.26,182.88,170.0,Orthodox,1987-07-14
http://ufcstats.com/fighter-details/a2ccf35a88346a91,Erick Gonzalez,180.34,190.5,155.0,Orthodox,1992-01-20
http://ufcstats.com/fighter-details/a2d342ffc83913ed,Nathan Fletcher,170.18,177.8,135.0,Orthodox,1998-01-03
http://ufcstats.com/fighter-details/a2ea77e974c5889f,Carlos Felipe,182.88,190.5,245.0,Orthodox,1995-01-12
http://ufcstats.com/fighter-details/a331233f597090a5,Bryan Barberena,182.88,182.88,185.0,Southpaw,1989-05-03
http://ufcstats.com/fighter-details/a36556bb1565e32d,Joe Proctor,177.8,182.88,155.0,Orthodox,1985-08-10
http://ufcstats.com/fighter-details/a390eb8a9b2df298,Chuck Liddell,187.96,193.04,205.0,Orthodox,1969-12-17
http://ufcstats.com/fighter-details/a3a542074109b347,Luana Pinheiro,157.48,157.48,115.0,Orthodox,1992-11-18
http://ufcstats.com/fighter-details/a3be148af5c7b088,Piotr Hallmann,175.26,180.34,155.0,Orthodox,1987-08-25
http://ufcstats.com/fighter-details/a3dda21be645be93,Jean-Paul Lebosnoyani,180.34,182.88,170.0,Switch,1999-01-27
http://ufcstats.com/fighter-details/a421465acbe59c77,Denis Stojnic,182.88,,245.0,Orthodox,1980-02-02
http://ufcstats.com/fighter-details/a44020ea2e8cd026,JooSang Yoo,170.18,180.34,145.0,Orthodox,1994-01-21
http://ufcstats.com/fighter-details/a474aade8eb3a8f0,SuYoung You,167.64,165.1,135.0,Orthodox,1995-12-11
http://ufcstats.com/fighter-details/a495f599e787614f,Alonzo Menifield,182.88,193.04,205.0,Orthodox,1987-10-18
http://ufcstats.com/fighter-details/a4a80dd7336ffd59,Melissa Gatto,165.1,175.26,125.0,Orthodox,1996-05-02
http://ufcstats.com/fighter-details/a4dc0f2b95df4cc1,Bekzat Almakhan,170.18,172.72,135.0,Orthodox,1997-10-08
http://ufcstats.com/fighter-details/a4dc47001f202bcd,Rodrigo de Lima,170.18,,155.0,Orthodox,1991-03-12
http://ufcstats.com/fighter-details/a4de54ea806fb525,Ray Borg,162.56,160.02,135.0,Orthodox,1993-08-04
http://ufcstats.com/fighter-details/a4e85a58fbce64b2,Joe Soto,167.64,165.1,135.0,Orthodox,1987-03-22
http://ufcstats.com/fighter-details/a52bc1e62cf0b7c6,Melsik Baghdasaryan,175.26,177.8,145.0,Southpaw,1992-01-28
http://ufcstats.com/fighter-details/a53d30163304aa6e,Carlston Harris,182.88,193.04,170.0,Orthodox,1987-07-09
http://ufcstats.com/fighter-details/a54660deb6a8489c,Muin Gafurov,170.18,172.72,135.0,Orthodox,1996-05-17
http://ufcstats.com/fighter-details/a54a35a670d8e852,Andre Roberts,187.96,,345.0,Orthodox,1965-02-24
http://ufcstats.com/fighter-details/a54b961a1f8be1d5,John Garza,170.18,172.72,135.0,Orthodox,2002-10-30
http://ufcstats.com/fighter-details/a54fc2d6fc224dc3,Jamie Varner,172.72,180.34,155.0,Orthodox,1984-10-12
http://ufcstats.com/fighter-details/a56607a451e4c70d,Chris Wilson,185.42,190.5,170.0,Orthodox,1977-06-07
http://ufcstats.com/fighter-details/a566371ba2ad7152,Josh Thomson,177.8,180.34,155.0,Orthodox,1978-09-21
http://ufcstats.com/fighter-details/a57cb948c4c70a47,Isaac Dulgarian,170.18,180.34,145.0,Orthodox,1996-07-04
http://ufcstats.com/fighter-details/a66395395b5f1394,Danny Downes,182.88,182.88,155.0,Orthodox,1986-04-08
http://ufcstats.com/fighter-details/a67d071163962af8,Michael Page,190.5,200.66,170.0,Switch,1987-04-07
http://ufcstats.com/fighter-details/a67f5afa8d6a1b80,Ryan Spann,195.58,200.66,205.0,Orthodox,1991-08-24
http://ufcstats.com/fighter-details/a683f9ddb70aa4bd,Sean Daugherty,182.88,,175.0,,1975-12-04
http://ufcstats.com/fighter-details/a68575214ecad140,SeungWoo Choi,182.88,187.96,145.0,Orthodox,1992-11-03
http://ufcstats.com/fighter-details/a6959da32f0e6b5d,Kyle Bradley,175.26,180.34,155.0,Orthodox,1982-08-19
http://ufcstats.com/fighter-details/a69a7120cf26669d,Levan Chokheli,180.34,182.88,170.0,Orthodox,1996-10-02
http://ufcstats.com/fighter-details/a6a9ab5a824e8f66,Joel Sutton,180.34,,205.0,Orthodox,1969-07-07
http://ufcstats.com/fighter-details/a6bbd3df469c6bea,Roger Gracie,193.04,200.66,185.0,Orthodox,1981-09-26
http://ufcstats.com/fighter-details/a6c20202c701e5ca,Sasha Palatnikov,185.42,182.88,170.0,Switch,1989-03-15
http://ufcstats.com/fighter-details/a6c2f5381d575920,Orlando Wiet,177.8,,170.0,Southpaw,1965-10-24
http://ufcstats.com/fighter-details/a6cba6bb66c1a8c9,Danny Roberts,185.42,187.96,170.0,Southpaw,1987-07-14
http://ufcstats.com/fighter-details/a6d8bfe9e0c8153b,Kevin Burns,177.8,187.96,170.0,Orthodox,1980-03-03
http://ufcstats.com/fighter-details/a6eb54ae17a551be,Gabriella Fernandes,167.64,167.64,125.0,Southpaw,1993-08-13
http://ufcstats.com/fighter-details/a6f3d15cb84334bb,Dean Barry,177.8,182.88,170.0,Orthodox,1992-07-03
http://ufcstats.com/fighter-details/a6fd2173d5e2d7f0,Jason Day,182.88,182.88,185.0,Orthodox,1981-05-19
http://ufcstats.com/fighter-details/a7151778b3381036,Kurt Holobaugh,180.34,177.8,155.0,Orthodox,1986-09-08
http://ufcstats.com/fighter-details/a72a2a769fa5a2be,Anshul Jubli,182.88,175.26,155.0,Switch,1995-01-13
http://ufcstats.com/fighter-details/a75a48bfe776b2c2,Jesse Butler,177.8,185.42,135.0,Orthodox,1992-05-24
http://ufcstats.com/fighter-details/a780d16cf7eed44d,Lucio Linhares,187.96,,185.0,Orthodox,1973-12-08
http://ufcstats.com/fighter-details/a7897d200692ab64,Kyung Ho Kang,175.26,185.42,135.0,Orthodox,1987-09-09
http://ufcstats.com/fighter-details/a78a87d8c2bbb1cb,Julija Stoliarenko,170.18,167.64,125.0,Orthodox,1993-04-08
http://ufcstats.com/fighter-details/a78f7a9135eb6249,Terrance Saeteurn,167.64,170.18,125.0,Orthodox,1995-05-30
http://ufcstats.com/fighter-details/a7b48e18ca27795d,Mark Kerr,190.5,,266.0,Switch,1968-12-21
http://ufcstats.com/fighter-details/a7d687e6ecb30981,Rob Broughton,187.96,187.96,265.0,Orthodox,1983-03-03
http://ufcstats.com/fighter-details/a7ddae0be8b78147,Jessamyn Duke,180.34,185.42,135.0,Orthodox,1986-06-24
http://ufcstats.com/fighter-details/a7de976620f2ed13,Shane Howell,172.72,,125.0,Orthodox,1983-11-28
http://ufcstats.com/fighter-details/a7e3f02fe2b2fe30,Danyelle Wolf,180.34,177.8,145.0,Orthodox,1983-09-08
http://ufcstats.com/fighter-details/a7f4d0902bb64092,James Irvin,187.96,190.5,205.0,Orthodox,1978-09-12
http://ufcstats.com/fighter-details/a817e238b2747404,Dylan Budka,182.88,190.5,185.0,Switch,2000-01-14
http://ufcstats.com/fighter-details/a8283a4f415e1eb9,Francisco Trinaldo,175.26,177.8,170.0,Southpaw,1978-08-24
http://ufcstats.com/fighter-details/a845f0735bc67405,Jake Matthews,180.34,185.42,170.0,Orthodox,1994-08-19
http://ufcstats.com/fighter-details/a851c35f58199231,Syuri Kondo,162.56,167.64,115.0,Orthodox,1989-02-08
http://ufcstats.com/fighter-details/a85998eb79650b2c,Wes Combs,187.96,,205.0,Orthodox,1973-06-18
http://ufcstats.com/fighter-details/a8aba6fd8a463043,Jess Liaudin,175.26,182.88,170.0,Orthodox,
http://ufcstats.com/fighter-details/a8c9d16fe2a14d72,CM Punk,185.42,185.42,170.0,Orthodox,1978-10-26
http://ufcstats.com/fighter-details/a8d521d913df4e31,Ryan Madigan,182.88,,170.0,Orthodox,
http://ufcstats.com/fighter-details/a8e6a69796280f17,Nate Marquardt,182.88,187.96,185.0,Orthodox,1979-04-20
http://ufcstats.com/fighter-details/a8ea84cbe1655f0a,Jeff Curran,167.64,175.26,135.0,Orthodox,1977-09-02
http://ufcstats.com/fighter-details/a8fa0c4e95512806,Phil Johns,157.48,,170.0,Southpaw,1968-10-22
http://ufcstats.com/fighter-details/a93f94c923c3a9cb,Christian Leroy Duncan,187.96,200.66,185.0,Switch,1995-07-24
http://ufcstats.com/fighter-details/a9936818d709e2d7,Liu Ce,190.5,195.58,205.0,Orthodox,1996-09-04
http://ufcstats.com/fighter-details/a9a314cc77d90b6e,Wade Shipp,190.5,,245.0,Orthodox,1975-02-09
http://ufcstats.com/fighter-details/a9bcf8717dd12532,Mats Nilsson,185.42,,170.0,Orthodox,1983-12-05
http://ufcstats.com/fighter-details/a9d6e047ce48ab63,Allen Crowder,190.5,193.04,245.0,Orthodox,1989-11-08
http://ufcstats.com/fighter-details/a9da3158dd2c2b5a,Jack Jenkins,170.18,172.72,145.0,Switch,1993-11-03
http://ufcstats.com/fighter-details/a9e260472d321361,Jasmine Jasudavicius,170.18,172.72,125.0,Orthodox,1989-03-01
http://ufcstats.com/fighter-details/aa03a3ca00ac6827,Carmelo Marrero,182.88,185.42,205.0,Orthodox,1981-01-26
http://ufcstats.com/fighter-details/aa0c573da7119292,Juliana Miller,170.18,167.64,125.0,Orthodox,1996-05-07
http://ufcstats.com/fighter-details/aa171d55d4b5208f,Billy Quarantillo,177.8,177.8,145.0,Orthodox,1988-12-08
http://ufcstats.com/fighter-details/aa1952ec0b3dd8e1,Kurt Pellegrino,172.72,177.8,155.0,Orthodox,1979-05-07
http://ufcstats.com/fighter-details/aa5b4eff51bdc7d1,Gilbert Melendez,175.26,185.42,145.0,Orthodox,1982-04-12
http://ufcstats.com/fighter-details/aa6e591c2a2cdecd,Ricardo Abreu,180.34,,185.0,Orthodox,1984-04-27
http://ufcstats.com/fighter-details/aa72b0f831d0bfe5,Deiveson Figueiredo,165.1,172.72,135.0,Orthodox,1987-12-18
http://ufcstats.com/fighter-details/aa79d5399571068e,Brandon Wolff,175.26,,170.0,Orthodox,1975-10-18
http://ufcstats.com/fighter-details/aac5ac38148f0528,Paul Kelly,175.26,177.8,155.0,Orthodox,1984-09-12
http://ufcstats.com/fighter-details/aac6edb0d5e0b7e9,Marcin Wrzosek,175.26,,155.0,,1987-10-14
http://ufcstats.com/fighter-details/aae0897825336b1a,Renzo Gracie,177.8,,185.0,Orthodox,1967-03-11
http://ufcstats.com/fighter-details/aae99701b21554e4,Ryan Jensen,185.42,193.04,185.0,Orthodox,1977-09-20
http://ufcstats.com/fighter-details/ab2a4b5e04dc5fe9,Alvin Hines,187.96,187.96,265.0,Orthodox,1991-10-20
http://ufcstats.com/fighter-details/ab2b4ff41d6ebe0f,Alex Perez,167.64,165.1,125.0,Orthodox,1992-03-21
http://ufcstats.com/fighter-details/ab35634d1a8c7a11,Flavio Luiz Moura,180.34,,183.0,Open Stance,1976-01-26
http://ufcstats.com/fighter-details/ab850a77a0fa487d,Sean Spencer,177.8,187.96,170.0,Orthodox,1987-06-25
http://ufcstats.com/fighter-details/ab8900ae1f1dfd4c,Yoshiyuki Yoshida,180.34,177.8,170.0,Southpaw,1974-05-10
http://ufcstats.com/fighter-details/ab943cd2c3c17825,Marcos Rogerio de Lima,185.42,190.5,253.0,Orthodox,1985-06-25
http://ufcstats.com/fighter-details/abb68e3c7ca128f2,Julia Polastri,157.48,160.02,115.0,Orthodox,1998-03-05
http://ufcstats.com/fighter-details/abbc4fc02e0d84b3,Eric Martin,,,,,
http://ufcstats.com/fighter-details/abbc737317f66b81,Corey Hill,193.04,203.2,155.0,Orthodox,1978-10-03
http://ufcstats.com/fighter-details/abcf2cc6efc42031,Iasmin Lucindo,160.02,167.64,115.0,Orthodox,2002-01-08
http://ufcstats.com/fighter-details/abd2109bc4cb0291,Bentley Syler,162.56,,125.0,Orthodox,1982-12-22
http://ufcstats.com/fighter-details/abd5fb12437eda21,Ramazan Emeev,177.8,193.04,170.0,Southpaw,1987-05-23
http://ufcstats.com/fighter-details/abde3388a589103c,Richie Miranda,172.72,190.5,155.0,Southpaw,1994-08-12
http://ufcstats.com/fighter-details/ac026518a9b4dc0f,Jordan Leavitt,175.26,180.34,145.0,Southpaw,1995-06-02
http://ufcstats.com/fighter-details/ac0874309da489b9,Marek Bujlo,193.04,195.58,265.0,Orthodox,1992-10-10
http://ufcstats.com/fighter-details/ac29d508d78384c9,Marcelo Golm,190.5,190.5,249.0,Orthodox,1992-09-15
http://ufcstats.com/fighter-details/ac40f7e3cbecdda4,Parker Porter,182.88,190.5,265.0,Orthodox,1985-04-22
http://ufcstats.com/fighter-details/ac5a7400da3a9a41,Elias Garcia,165.1,170.18,125.0,Southpaw,1992-09-13
http://ufcstats.com/fighter-details/ac70a4f1db1b8c40,Scott Junk,185.42,,265.0,Orthodox,1978-12-17
http://ufcstats.com/fighter-details/ac7c765882f2c68c,Elise Reed,160.02,160.02,115.0,Orthodox,1992-12-05
http://ufcstats.com/fighter-details/acb36c908d415c4a,Vinicius Moreira,193.04,193.04,205.0,Orthodox,1989-02-28
http://ufcstats.com/fighter-details/acd9513399a8b09b,Ednaldo Oliveira,195.58,,205.0,Orthodox,1984-02-19
http://ufcstats.com/fighter-details/aceffa19749c4dc0,Zubaira Tukhugov,172.72,172.72,155.0,Orthodox,1991-01-15
http://ufcstats.com/fighter-details/acff437707625fc7,Yushin Okami,187.96,190.5,170.0,Southpaw,1981-07-21
http://ufcstats.com/fighter-details/ad047e3073a775f3,Steve Jennum,177.8,,215.0,Orthodox,1963-09-23
http://ufcstats.com/fighter-details/ad3041e61896b975,Jason Tan,177.8,,170.0,Orthodox,1981-12-17
http://ufcstats.com/fighter-details/ad32471f01e7b1a5,Jeremy Jackson,177.8,,170.0,Orthodox,1982-09-19
http://ufcstats.com/fighter-details/ad3f53c454cbbead,Josh Barnett,190.5,198.12,250.0,Orthodox,1977-11-10
http://ufcstats.com/fighter-details/ad56b3f00ca38dfd,Mark Godbeer,193.04,195.58,240.0,Orthodox,1983-11-22
http://ufcstats.com/fighter-details/ad5cb64af10fc946,Donte Johnson,172.72,187.96,185.0,Southpaw,1999-01-25
http://ufcstats.com/fighter-details/adccbc19b22e19af,SeungGuk Choi,167.64,162.56,125.0,Orthodox,1996-12-26
http://ufcstats.com/fighter-details/adea9f0090aa8e14,Jason Fairn,185.42,,230.0,,
http://ufcstats.com/fighter-details/ae071698e1a3ccd4,Christian Aguilera,175.26,182.88,170.0,Switch,1991-11-25
http://ufcstats.com/fighter-details/ae58685caf8e4a0d,Bill Mahood,190.5,,200.0,Orthodox,1967-02-01
http://ufcstats.com/fighter-details/ae7fe94f117f98cf,Joaquim Silva,172.72,175.26,155.0,Southpaw,1989-02-05
http://ufcstats.com/fighter-details/ae81a3ac7b260411,Tofiq Musayev,175.26,175.26,155.0,Orthodox,1989-12-15
http://ufcstats.com/fighter-details/aebaa8cec15b083d,Kody Steele,175.26,180.34,155.0,Orthodox,1995-04-21
http://ufcstats.com/fighter-details/aebfb84d1f6d2d8c,Allen Berube,172.72,,155.0,Orthodox,1974-08-25
http://ufcstats.com/fighter-details/aec185309b4843d0,Siyar Bahadurzada,180.34,185.42,170.0,Orthodox,1984-04-17
http://ufcstats.com/fighter-details/aed06011bf62237b,Dongi Yang,177.8,185.42,185.0,Southpaw,1984-12-07
http://ufcstats.com/fighter-details/aee8eecfc4bfb1e7,Bobby Southworth,187.96,,205.0,Orthodox,1969-12-16
http://ufcstats.com/fighter-details/af49a6c491ca22a3,Kristian Rothaermel,182.88,,205.0,Open Stance,1972-01-31
http://ufcstats.com/fighter-details/af5b208e97f5d382,Wilson Gouveia,185.42,193.04,185.0,Orthodox,1978-10-03
http://ufcstats.com/fighter-details/af62f99eb7606308,Erik Perez,172.72,172.72,135.0,Orthodox,1989-11-19
http://ufcstats.com/fighter-details/af65aa688d13eedf,Joe Solecki,175.26,177.8,155.0,Orthodox,1993-08-27
http://ufcstats.com/fighter-details/af90b10c785ced3e,Mike Rio,177.8,177.8,155.0,Orthodox,1981-07-06
http://ufcstats.com/fighter-details/af997f7611673880,Gadzhimurad Antigulov,180.34,177.8,205.0,Orthodox,1987-02-09
http://ufcstats.com/fighter-details/af9efbfd63d39734,Chelsea Chandler,172.72,172.72,135.0,Southpaw,1990-11-23
http://ufcstats.com/fighter-details/af9f42e6894047fc,Jamie Mullarkey,182.88,187.96,155.0,Orthodox,1994-08-17
http://ufcstats.com/fighter-details/afaad7d6a581e307,Bobby Hoffman,187.96,,245.0,Orthodox,1968-10-28
http://ufcstats.com/fighter-details/afc2a7ce0c763bd5,Yoislandy Izquierdo,180.34,,155.0,Southpaw,1984-01-09
http://ufcstats.com/fighter-details/afdb76fbd86f6d11,Edilberto de Oliveira,182.88,,170.0,Orthodox,1982-11-22
http://ufcstats.com/fighter-details/afe8d5b39ff7fca2,Louis Cosce,175.26,180.34,170.0,Orthodox,1995-08-27
http://ufcstats.com/fighter-details/b01a5e0dcd9f231d,Muhammad Saidov,187.96,185.42,205.0,Orthodox,1996-01-10
http://ufcstats.com/fighter-details/b034747dc1d15491,Kazuhiro Nakamura,180.34,177.8,205.0,Orthodox,1979-07-16
http://ufcstats.com/fighter-details/b05086131c6f5dc5,Derek Downey,185.42,,185.0,Orthodox,1980-04-27
http://ufcstats.com/fighter-details/b0550072e5f0afa7,Yoshihiro Akiyama,177.8,190.5,170.0,Orthodox,1975-07-29
http://ufcstats.com/fighter-details/b07aed698fba8624,Ikram Aliskerov,182.88,193.04,185.0,Southpaw,1992-12-07
http://ufcstats.com/fighter-details/b08012bbe542592a,Tatiana Suarez,165.1,167.64,115.0,Southpaw,1990-12-19
http://ufcstats.com/fighter-details/b0a6124751a56bc4,Jonathan Brookins,182.88,187.96,145.0,Southpaw,1985-08-13
http://ufcstats.com/fighter-details/b0bd0c5425668b8f,Henrique da Silva,190.5,193.04,205.0,Orthodox,1989-09-01
http://ufcstats.com/fighter-details/b0d6a1d8ac3d563d,Max Griffin,180.34,193.04,170.0,Orthodox,1985-11-29
http://ufcstats.com/fighter-details/b0f316c60f8d3b47,Josh Ferguson,165.1,,125.0,Orthodox,1988-05-13
http://ufcstats.com/fighter-details/b102c26727306ab6,Jussier Formiga,165.1,170.18,125.0,Orthodox,1985-04-14
http://ufcstats.com/fighter-details/b12a1d19ee383b7c,Tonya Evinger,170.18,177.8,135.0,Orthodox,1981-06-04
http://ufcstats.com/fighter-details/b12fb759e02378de,Gilbert Urbina,190.5,190.5,185.0,Orthodox,1996-04-05
http://ufcstats.com/fighter-details/b12fc8a41e82d3a2,Joby Sanchez,167.64,172.72,135.0,Orthodox,1991-06-24
http://ufcstats.com/fighter-details/b13da0b1a3aed3e7,Nick Ring,182.88,187.96,185.0,Southpaw,1979-02-10
http://ufcstats.com/fighter-details/b14a68c533f4a4aa,Dokonjonosuke Mishima,170.18,,155.0,Southpaw,1972-04-19
http://ufcstats.com/fighter-details/b15862fcd6ded451,Carlos Mota,162.56,175.26,125.0,Orthodox,1995-04-15
http://ufcstats.com/fighter-details/b18fb36a4aa00093,John Polakowski,177.8,,155.0,Orthodox,1981-06-21
http://ufcstats.com/fighter-details/b19fc66613dc75b9,Chris Brennan,172.72,,170.0,Orthodox,1971-10-12
http://ufcstats.com/fighter-details/b1a3e0aca758b322,Derek Brunson,185.42,195.58,185.0,Southpaw,1984-01-04
http://ufcstats.com/fighter-details/b1b0729d27936f2f,Belal Muhammad,180.34,182.88,170.0,Orthodox,1988-07-09
http://ufcstats.com/fighter-details/b1d19449397541dc,Askar Askarov,167.64,170.18,125.0,Orthodox,1992-10-09
http://ufcstats.com/fighter-details/b1de86d835638319,Luke Riley,175.26,175.26,145.0,Orthodox,1999-06-30
http://ufcstats.com/fighter-details/b1e5bcaad32a3cac,Priscila Cachoeira,170.18,165.1,135.0,Orthodox,1988-08-19
http://ufcstats.com/fighter-details/b1f21ce050035d58,Andre Lima,170.18,170.18,125.0,Orthodox,1999-02-04
http://ufcstats.com/fighter-details/b23fca14c7b79935,Ivan Serati,182.88,,205.0,Orthodox,
http://ufcstats.com/fighter-details/b26d3e3746fb4024,Brian Bowles,170.18,177.8,135.0,Orthodox,1980-06-22
http://ufcstats.com/fighter-details/b27a1fcb56a3035a,Trevin Giles,182.88,187.96,170.0,Orthodox,1992-08-06
http://ufcstats.com/fighter-details/b27b8881d7444114,Adam Cella,187.96,,170.0,,1985-06-26
http://ufcstats.com/fighter-details/b2a2da86546ddb19,Buddy Roberts,187.96,,185.0,Orthodox,1982-10-17
http://ufcstats.com/fighter-details/b2a78df161bd67f9,Gauge Young,175.26,177.8,155.0,Orthodox,2000-07-14
http://ufcstats.com/fighter-details/b2acebbef8da14ea,Akihiro Gono,170.18,172.72,170.0,Switch,1974-10-07
http://ufcstats.com/fighter-details/b2e3aca4cd363477,Chris Cariaso,160.02,162.56,125.0,Southpaw,1981-05-27
http://ufcstats.com/fighter-details/b2f743746e8dcfa2,Jason Black,172.72,,155.0,Orthodox,1972-07-15
http://ufcstats.com/fighter-details/b2f88c04c4dd43ce,Jason Miller,185.42,,185.0,Orthodox,1980-12-24
http://ufcstats.com/fighter-details/b34976c022b24568,Anthony Wint,180.34,198.12,231.0,Orthodox,1995-09-14
http://ufcstats.com/fighter-details/b35a159f525764eb,Chris Saunders,172.72,,155.0,,1986-03-11
http://ufcstats.com/fighter-details/b35ba64b6a2bbcb3,Jose Maria,165.1,,125.0,Orthodox,1982-01-04
http://ufcstats.com/fighter-details/b361180739bed4b0,David Abbott,182.88,,265.0,Switch,1965-04-26
http://ufcstats.com/fighter-details/b369533a577fa97c,Dan Christison,203.2,,265.0,Orthodox,1972-04-26
http://ufcstats.com/fighter-details/b39f7a6c2be17ee8,Charlie Campbell,182.88,182.88,155.0,Orthodox,1995-07-03
http://ufcstats.com/fighter-details/b3bbe88fecd6a0d2,Dave Berry,,,,,
http://ufcstats.com/fighter-details/b3cb9dfccff3be76,Salahdine Parnasse,177.8,180.34,155.0,Southpaw,1997-12-04
http://ufcstats.com/fighter-details/b3d21b2610dcfaeb,Emily Whitmire,165.1,160.02,125.0,Orthodox,1991-05-24
http://ufcstats.com/fighter-details/b406da701c479076,Ernest Chavez,172.72,177.8,145.0,Orthodox,1983-06-27
http://ufcstats.com/fighter-details/b4192a975027aab6,Maryna Moroz,170.18,170.18,125.0,Orthodox,1991-09-08
http://ufcstats.com/fighter-details/b4443fae47e7eb9d,Wes Schultz,185.42,195.58,185.0,Orthodox,1996-08-09
http://ufcstats.com/fighter-details/b44f39a5c6596953,Pedro Rizzo,185.42,,241.0,Orthodox,1974-05-03
http://ufcstats.com/fighter-details/b4537562f88ac582,Khalid Taha,165.1,175.26,135.0,Orthodox,1992-02-15
http://ufcstats.com/fighter-details/b45d6b73f4ca4467,Andre Winner,180.34,185.42,155.0,Orthodox,1981-11-09
http://ufcstats.com/fighter-details/b4880ef2f838d4e1,Silvana Gomez Juarez,160.02,165.1,115.0,Orthodox,1984-12-06
http://ufcstats.com/fighter-details/b4ad3a06ee4d660c,Alistair Overeem,193.04,203.2,265.0,Orthodox,1980-05-17
http://ufcstats.com/fighter-details/b4b496ec2197ee3e,Navajo Stirling,193.04,200.66,205.0,Orthodox,1997-11-07
http://ufcstats.com/fighter-details/b4bc2e3353a770b5,Ian Freeman,180.34,,225.0,Orthodox,1966-11-10
http://ufcstats.com/fighter-details/b4c57a8c2b773e82,Michal Figlak,177.8,177.8,155.0,Orthodox,1996-08-15
http://ufcstats.com/fighter-details/b4c6c904a9ffc5e8,Ashley Yoder,170.18,175.26,115.0,Southpaw,1987-10-20
http://ufcstats.com/fighter-details/b4c96c3d9139bf0e,Patrick Walsh,180.34,,185.0,,1988-11-28
http://ufcstats.com/fighter-details/b4eeac608fc82f88,Yves Jabouin,170.18,172.72,135.0,Orthodox,1979-05-30
http://ufcstats.com/fighter-details/b50a426a33da0012,Sean O'Malley,180.34,182.88,135.0,Switch,1994-10-24
http://ufcstats.com/fighter-details/b51841e7c594090d,Mike Wessel,182.88,,260.0,Orthodox,1977-12-02
http://ufcstats.com/fighter-details/b53c46f613f6f248,Brianna Fortino,152.4,157.48,115.0,Southpaw,1993-08-04
http://ufcstats.com/fighter-details/b57edace7b647f07,Matt Hobar,177.8,177.8,135.0,Southpaw,1987-01-07
http://ufcstats.com/fighter-details/b59037262c8fe060,Ryan Janes,190.5,193.04,185.0,Orthodox,1981-08-22
http://ufcstats.com/fighter-details/b5b684eac99ae0a3,Chad Mendes,167.64,167.64,145.0,Orthodox,1985-05-01
http://ufcstats.com/fighter-details/b5c19c34f12c917e,Denzel Freeman,185.42,195.58,265.0,Southpaw,1991-11-10
http://ufcstats.com/fighter-details/b5da8f7d05e85a55,Josh Parisian,193.04,200.66,265.0,Orthodox,1989-06-28
http://ufcstats.com/fighter-details/b5ea750025697880,Rex Holman,190.5,,205.0,Southpaw,
http://ufcstats.com/fighter-details/b60391da771deefe,Todd Medina,177.8,,193.0,Southpaw,1970-04-30
http://ufcstats.com/fighter-details/b60c980f79b87ce8,Bea Malecki,175.26,187.96,135.0,Orthodox,1991-08-23
http://ufcstats.com/fighter-details/b6203e0492a9336c,Marnic Mann,152.4,162.56,115.0,Southpaw,1993-03-05
http://ufcstats.com/fighter-details/b62d5280966b2460,Clayton Carpenter,167.64,167.64,125.0,Orthodox,1996-06-09
http://ufcstats.com/fighter-details/b63e800c18e011b5,Tedd Williams,185.42,,275.0,Orthodox,1969-12-19
http://ufcstats.com/fighter-details/b6452706b373eea1,Renato Moicano,180.34,182.88,155.0,Orthodox,1989-05-21
http://ufcstats.com/fighter-details/b671bdf981ad527d,HyunSung Park,170.18,167.64,125.0,Orthodox,1995-11-04
http://ufcstats.com/fighter-details/b67d6bacc68d4c92,Daniel Santos,170.18,170.18,145.0,Orthodox,1995-03-12
http://ufcstats.com/fighter-details/b6850671a008bf9a,Felice Herrig,162.56,165.1,115.0,Orthodox,1984-09-18
http://ufcstats.com/fighter-details/b69f24c500d783e7,Francimar Barroso,185.42,190.5,205.0,Orthodox,1980-02-28
http://ufcstats.com/fighter-details/b6b12014698cc345,John Marsh,182.88,,265.0,Orthodox,1970-09-15
http://ufcstats.com/fighter-details/b6c37948cb226e8c,Benardo Sopaj,167.64,167.64,135.0,Orthodox,2000-09-25
http://ufcstats.com/fighter-details/b6c4451cb13c9303,Andy Ogle,172.72,175.26,145.0,Orthodox,1989-02-16
http://ufcstats.com/fighter-details/b6e6c3b1dcaae0a1,Will Brooks,177.8,182.88,155.0,Orthodox,1986-10-08
http://ufcstats.com/fighter-details/b701f095e6ccb149,Ollie Schmid,182.88,180.34,145.0,Orthodox,2000-12-28
http://ufcstats.com/fighter-details/b71ce838b01f2cad,Rony Jason,170.18,185.42,145.0,Orthodox,1984-03-21
http://ufcstats.com/fighter-details/b72a60a0cadff408,Louis Gaudinot,160.02,160.02,125.0,Orthodox,1984-08-28
http://ufcstats.com/fighter-details/b732b326c362fb62,Ryan Thomas,182.88,,170.0,Orthodox,1984-11-05
http://ufcstats.com/fighter-details/b76c6268dc1d3c05,Danielle Taylor,152.4,152.4,115.0,Orthodox,1989-10-25
http://ufcstats.com/fighter-details/b76ed59283d3559c,Tsuyoshi Kohsaka,180.34,,225.0,Orthodox,1970-03-06
http://ufcstats.com/fighter-details/b788862dd1c11eac,Brendan Loughnane,177.8,177.8,145.0,Switch,1989-12-05
http://ufcstats.com/fighter-details/b7ad576b8ae115e6,Mike Rhodes,185.42,187.96,170.0,Orthodox,1989-12-04
http://ufcstats.com/fighter-details/b7b84ccd221be298,Nasrat Haqparast,177.8,182.88,155.0,Southpaw,1995-08-22
http://ufcstats.com/fighter-details/b7c5eb7cdbac6a63,Danny Barlow,187.96,200.66,185.0,Southpaw,1995-08-02
http://ufcstats.com/fighter-details/b7d524c77c27389b,Marcus Davis,177.8,177.8,170.0,Southpaw,1973-08-24
http://ufcstats.com/fighter-details/b7f38813485745da,Michael Kuiper,182.88,185.42,185.0,Orthodox,1989-06-07
http://ufcstats.com/fighter-details/b7ffa72aa148599a,KJ Noons,177.8,177.8,155.0,Orthodox,1982-12-07
http://ufcstats.com/fighter-details/b852ad2b35354fcb,Ezra Elliott,175.26,182.88,145.0,Orthodox,2000-05-18
http://ufcstats.com/fighter-details/b8592b4a383696cd,Mitch Gagnon,165.1,165.1,135.0,Southpaw,1984-10-10
http://ufcstats.com/fighter-details/b8a85389d115e35a,Jack Shore,172.72,180.34,145.0,Orthodox,1995-02-06
http://ufcstats.com/fighter-details/b8aef0faf4ce9b31,Sam Sicilia,172.72,170.18,145.0,Orthodox,1986-02-01
http://ufcstats.com/fighter-details/b8bbdeff718dbb7d,Pat Sabatini,172.72,177.8,145.0,Orthodox,1990-11-09
http://ufcstats.com/fighter-details/b8c0f30ee9a98b69,Fernando Bruno,167.64,,145.0,,1982-02-24
http://ufcstats.com/fighter-details/b909a9a9688b5284,Gabriel Miranda,180.34,180.34,145.0,Orthodox,1990-03-25
http://ufcstats.com/fighter-details/b9124c308671e303,Otari Tanzilovi,175.26,177.8,145.0,Orthodox,1998-04-09
http://ufcstats.com/fighter-details/b93c06d09d1c4ac0,Steven Peterson,177.8,177.8,145.0,Orthodox,1990-05-29
http://ufcstats.com/fighter-details/b9415726dc3ec526,Rodney Wallace,175.26,182.88,205.0,Switch,1981-11-21
http://ufcstats.com/fighter-details/b9437600497350f3,Joaquin Buckley,177.8,193.04,170.0,Southpaw,1994-04-27
http://ufcstats.com/fighter-details/b959e8c7fd8390d2,Kyle Kingsbury,193.04,200.66,205.0,Orthodox,1982-03-22
http://ufcstats.com/fighter-details/b96619b3acd7d9da,Miesha Tate,167.64,165.1,135.0,Orthodox,1986-08-18
http://ufcstats.com/fighter-details/b9664eae2ac75262,Eric Spicely,185.42,185.42,185.0,Orthodox,1986-09-29
http://ufcstats.com/fighter-details/b96939f2b8d88e82,Ariel Beck,167.64,167.64,125.0,Southpaw,1990-09-16
http://ufcstats.com/fighter-details/b9706f80d005036c,Ketlen Vieira,172.72,172.72,135.0,Orthodox,1991-08-26
http://ufcstats.com/fighter-details/b997be68943010fc,Geoff Neal,180.34,190.5,170.0,Southpaw,1990-08-28
http://ufcstats.com/fighter-details/b9c03e7a4557e542,Royston Wee,170.18,170.18,135.0,Orthodox,1986-11-15
http://ufcstats.com/fighter-details/b9d0fd83bb8a147a,Keith Jardine,187.96,193.04,185.0,Orthodox,1975-10-31
http://ufcstats.com/fighter-details/b9e871af730f826c,Ronald Jhun,180.34,,170.0,Orthodox,1970-09-21
http://ufcstats.com/fighter-details/b9f28e7045fdfce7,Raoni Barcelos,170.18,170.18,135.0,Orthodox,1987-05-01
http://ufcstats.com/fighter-details/ba043b03eb799063,Phil Harris,162.56,165.1,125.0,Orthodox,1983-09-04
http://ufcstats.com/fighter-details/ba15006c804a8de0,Guilherme Pat,198.12,205.74,265.0,Orthodox,1994-04-20
http://ufcstats.com/fighter-details/ba1e6cb3d43f7430,Justin Ledet,193.04,203.2,205.0,Orthodox,1988-09-28
http://ufcstats.com/fighter-details/ba280572acfba13f,Matt Mitrione,190.5,208.28,265.0,Switch,1978-07-15
http://ufcstats.com/fighter-details/ba5e253af86db1a8,Terrion Ware,172.72,180.34,135.0,Orthodox,1986-03-31
http://ufcstats.com/fighter-details/baa5358456803df8,Alex Hunter,175.26,,226.0,Orthodox,
http://ufcstats.com/fighter-details/baa9be02c3e3e038,Jose Daniel Medina,182.88,187.96,185.0,Orthodox,1991-05-17
http://ufcstats.com/fighter-details/bad28b7b34f334de,Tony Halme,190.5,,300.0,Orthodox,1963-01-06
http://ufcstats.com/fighter-details/bad8be5827ea1bf1,Chris Heatherly,175.26,,155.0,Orthodox,1987-11-24
http://ufcstats.com/fighter-details/baed16f18348908e,Kris McCray,182.88,193.04,170.0,Orthodox,1981-09-24
http://ufcstats.com/fighter-details/baf942f4bcb09894,Moti Horenstein,193.04,,230.0,Orthodox,1964-03-23
http://ufcstats.com/fighter-details/bb1a2cdad6ff34db,Jason Knight,177.8,180.34,145.0,Orthodox,1992-07-14
http://ufcstats.com/fighter-details/bb2c3c3a466224af,Lone'er Kavanagh,167.64,170.18,125.0,Orthodox,1999-06-09
http://ufcstats.com/fighter-details/bb61823f76361297,Kyle Stewart,182.88,193.04,170.0,Orthodox,1989-01-31
http://ufcstats.com/fighter-details/bba678d312590087,Andre Pederneiras,172.72,,155.0,Orthodox,1967-03-22
http://ufcstats.com/fighter-details/bbab3baf66128ae2,Javid Basharat,175.26,175.26,135.0,Orthodox,1995-09-07
http://ufcstats.com/fighter-details/bbc9ab95fa766493,Anderson Dos Santos,165.1,177.8,135.0,Orthodox,1985-07-24
http://ufcstats.com/fighter-details/bbfca6d5c27d9cd8,Edwin Figueroa,170.18,175.26,135.0,Orthodox,1984-07-31
http://ufcstats.com/fighter-details/bc3ec52ef70fc155,Ryan Jimmo,185.42,185.42,205.0,Orthodox,1981-11-27
http://ufcstats.com/fighter-details/bc5a51159ec2fdf2,Magomed Tuchalov,190.5,198.12,205.0,Orthodox,1999-12-30
http://ufcstats.com/fighter-details/bc656db347f31e19,Mike Santiago,177.8,175.26,145.0,Orthodox,1989-07-28
http://ufcstats.com/fighter-details/bc711b6dd95c1af6,Mario Bautista,175.26,175.26,135.0,Switch,1993-07-01
http://ufcstats.com/fighter-details/bc7230f231701d66,Mike Easton,167.64,177.8,135.0,Southpaw,1984-01-25
http://ufcstats.com/fighter-details/bc7d1ad49fcb2d08,Jaqueline Amorim,160.02,172.72,115.0,Orthodox,1995-06-24
http://ufcstats.com/fighter-details/bc7f4b2d4c2724a2,Tyrell Fortune,190.5,190.5,259.0,Orthodox,1990-07-04
http://ufcstats.com/fighter-details/bc8f6b42767e28df,Naoyuki Kotani,172.72,167.64,155.0,Southpaw,1981-12-08
http://ufcstats.com/fighter-details/bcad7223af3c19da,Martin Svensson,185.42,,155.0,,1985-04-25
http://ufcstats.com/fighter-details/bd21a1e3d41c97ee,Ronny Markes,185.42,190.5,185.0,Orthodox,1988-04-21
http://ufcstats.com/fighter-details/bd532e9a2b93870c,Melissa Mullins,170.18,172.72,135.0,Orthodox,1991-07-23
http://ufcstats.com/fighter-details/bd5403efbaa445c0,Sean Soriano,175.26,177.8,145.0,Orthodox,1989-10-06
http://ufcstats.com/fighter-details/bd58d34e39b7b12a,Ben Rothwell,193.04,198.12,265.0,Orthodox,1981-10-17
http://ufcstats.com/fighter-details/bd878a638e0e3be3,Angela Magana,154.94,165.1,115.0,Orthodox,1983-08-02
http://ufcstats.com/fighter-details/bda04c573563cc2e,Todd Duffee,190.5,198.12,260.0,Orthodox,1985-12-06
http://ufcstats.com/fighter-details/bdcbb976816fd256,Daniel Kelly,182.88,177.8,185.0,Southpaw,1977-10-31
http://ufcstats.com/fighter-details/be0b310a12eb80b4,Enrique Barzola,170.18,177.8,145.0,Orthodox,1989-04-28
http://ufcstats.com/fighter-details/be4076c9e8d791e3,Joao Zeferino,180.34,,170.0,Orthodox,1986-01-15
http://ufcstats.com/fighter-details/be5cfd73617a5b1a,Javier Vazquez,170.18,175.26,145.0,Southpaw,1977-07-16
http://ufcstats.com/fighter-details/be68b375707dcb85,Spike Carlyle,172.72,180.34,145.0,Switch,1993-05-06
http://ufcstats.com/fighter-details/be9bdec19b7e9ffe,Austen Lane,198.12,203.2,205.0,Orthodox,1987-11-09
http://ufcstats.com/fighter-details/be9d259be012e8a4,Scott Morris,177.8,,210.0,Orthodox,
http://ufcstats.com/fighter-details/bebb4ae55ac2bf6f,Chris Fishgold,172.72,172.72,145.0,Orthodox,1992-06-06
http://ufcstats.com/fighter-details/beecb672a279223e,Amanda Ribas,162.56,167.64,115.0,Orthodox,1993-08-26
http://ufcstats.com/fighter-details/bf0e700106d00e55,Austin Arnett,182.88,182.88,145.0,Orthodox,1991-10-22
http://ufcstats.com/fighter-details/bf12aca029bfcc47,Keith Hackney,180.34,,200.0,Sideways,1958-04-15
http://ufcstats.com/fighter-details/bf2c8e01b07d3eb1,Myktybek Orolbai,177.8,187.96,170.0,Orthodox,1998-02-10
http://ufcstats.com/fighter-details/bf41b5131545da12,Crafton Wallace,182.88,,185.0,Orthodox,1975-11-10
http://ufcstats.com/fighter-details/bf43fed8f29e1671,Marcin Held,175.26,180.34,155.0,Orthodox,1992-01-18
http://ufcstats.com/fighter-details/bf60dd3256801649,Nilson Rojas,167.64,160.02,125.0,Orthodox,1999-04-21
http://ufcstats.com/fighter-details/bf7ad5628363eec9,Cody Stamann,167.64,162.56,135.0,Orthodox,1989-11-09
http://ufcstats.com/fighter-details/bf9bc96336922271,Alex Ricci,180.34,,155.0,Orthodox,1982-07-21
http://ufcstats.com/fighter-details/bfc2fc38a0e20211,Matt Grice,172.72,177.8,145.0,Orthodox,1981-07-29
http://ufcstats.com/fighter-details/bffeb123b21c9aad,Darrell Montague,167.64,170.18,125.0,Southpaw,1987-11-03
http://ufcstats.com/fighter-details/c03520b5c88ed6b4,Merab Dvalishvili,167.64,172.72,135.0,Orthodox,1991-01-10
http://ufcstats.com/fighter-details/c0386644627a7ee5,Mana Martinez,177.8,177.8,135.0,Orthodox,1996-03-25
http://ufcstats.com/fighter-details/c03a5022f8439f2a,Chad Laprise,177.8,180.34,170.0,Orthodox,1986-07-23
http://ufcstats.com/fighter-details/c051c2e12d692b8a,Jesus Aguilar,162.56,157.48,125.0,Orthodox,1996-03-13
http://ufcstats.com/fighter-details/c058823a2595ab09,Joey Roberts,187.96,,200.0,,1977-11-11
http://ufcstats.com/fighter-details/c06a9b48d4132c8e,James Moontasri,177.8,180.34,170.0,Switch,1988-04-10
http://ufcstats.com/fighter-details/c06d554ce1713fd3,Danny Mitchell,187.96,,170.0,Orthodox,1986-08-08
http://ufcstats.com/fighter-details/c06d6b18862f9a53,Rodrigo Sezinando,175.26,180.34,170.0,Orthodox,1997-12-11
http://ufcstats.com/fighter-details/c07efc18b231f170,Jordan Rinaldi,177.8,182.88,145.0,Orthodox,1987-09-25
http://ufcstats.com/fighter-details/c0ab242c40decc55,Ryan Bader,187.96,187.96,205.0,Orthodox,1983-06-07
http://ufcstats.com/fighter-details/c0ac37a4a1133da9,Marcus McGhee,172.72,175.26,135.0,Orthodox,1990-05-07
http://ufcstats.com/fighter-details/c0badf3243907e59,Alexandr Romanov,187.96,190.5,262.0,Southpaw,1990-12-11
http://ufcstats.com/fighter-details/c0c36a5b3d5bbdd5,Mike Stumpf,177.8,,170.0,,1986-08-01
http://ufcstats.com/fighter-details/c0d5c0c95c59050b,Ariane Carnelossi,157.48,154.94,115.0,Orthodox,1992-11-17
http://ufcstats.com/fighter-details/c0eecd851dbf3146,CJ Keith,182.88,,155.0,Orthodox,1986-08-09
http://ufcstats.com/fighter-details/c1085e1701b13eca,Joe Pyfer,187.96,190.5,185.0,Orthodox,1996-09-17
http://ufcstats.com/fighter-details/c10eb2f12c489f6d,Tim Gorman,165.1,,135.0,Southpaw,1983-04-29
http://ufcstats.com/fighter-details/c11f50e9c1513ce9,Mark Holst,182.88,,155.0,Orthodox,1985-08-14
http://ufcstats.com/fighter-details/c13042265355a290,Kwan Ho Kwak,165.1,,135.0,Switch,1989-06-18
http://ufcstats.com/fighter-details/c136b2a8852da5bd,Akbarh Arreola,177.8,180.34,155.0,Southpaw,1983-01-14
http://ufcstats.com/fighter-details/c15fa95b9a12fde4,Junior Tafa,190.5,190.5,205.0,Orthodox,1996-09-21
http://ufcstats.com/fighter-details/c1684f00c626f4c0,Mark Schultz,175.26,,200.0,Orthodox,1960-10-26
http://ufcstats.com/fighter-details/c169545ab0825f44,Geane Herrera,165.1,167.64,125.0,Orthodox,1990-05-27
http://ufcstats.com/fighter-details/c17041f1bb5768d8,Alex White,182.88,180.34,155.0,Southpaw,1988-10-22
http://ufcstats.com/fighter-details/c1a5d3843596df92,Thiago Perpetuo,177.8,,170.0,Orthodox,1987-12-14
http://ufcstats.com/fighter-details/c1ea9d56cd953586,Emily Kagan,160.02,,115.0,,1981-07-14
http://ufcstats.com/fighter-details/c21a036b4e012f1c,John Makdessi,172.72,172.72,155.0,Orthodox,1985-05-03
http://ufcstats.com/fighter-details/c21f26bbde777573,Johnny Walker,198.12,208.28,205.0,Orthodox,1992-03-30
http://ufcstats.com/fighter-details/c2299ec916bc7c56,Benoit Saint Denis,180.34,185.42,155.0,Southpaw,1995-12-18
http://ufcstats.com/fighter-details/c23e3d4875340d8d,Zhang Tiequan,172.72,175.26,155.0,Orthodox,1978-07-25
http://ufcstats.com/fighter-details/c24b1db4b809d41b,Renato Verissimo,185.42,,170.0,Orthodox,1973-08-03
http://ufcstats.com/fighter-details/c268b2cfebccf652,John Lineker,160.02,170.18,135.0,Orthodox,1990-06-12
http://ufcstats.com/fighter-details/c295de4e10acd4c9,Isaac Vallie-Flagg,172.72,177.8,155.0,Orthodox,1978-04-08
http://ufcstats.com/fighter-details/c2a670b22d2e196f,Aleksa Camur,185.42,187.96,205.0,Orthodox,1995-09-25
http://ufcstats.com/fighter-details/c2a7623f398d9bd7,David Dodd,187.96,,200.0,Orthodox,1973-09-22
http://ufcstats.com/fighter-details/c2e3e67b5911bfb7,Diego Brandao,170.18,162.56,145.0,Orthodox,1987-05-27
http://ufcstats.com/fighter-details/c3218c810959d279,Khadis Ibragimov,190.5,198.12,205.0,Orthodox,1995-05-21
http://ufcstats.com/fighter-details/c32aeb1a59e6272d,Michael Morales,182.88,200.66,170.0,Orthodox,1999-06-24
http://ufcstats.com/fighter-details/c32fb8c0f6471a4d,Mirko Filipovic,187.96,185.42,230.0,Southpaw,1974-09-10
http://ufcstats.com/fighter-details/c34e5849184b08c3,Yasuhiro Urushitani,165.1,,125.0,Southpaw,1976-09-08
http://ufcstats.com/fighter-details/c3bd649a9194e50c,Jeremy Larsen,177.8,177.8,145.0,Orthodox,1984-05-18
http://ufcstats.com/fighter-details/c3c23c99477c041b,Frank Hamaker,,,,,
http://ufcstats.com/fighter-details/c3d2b9bcb4cead6b,Yuneisy Duben,162.56,165.1,125.0,Orthodox,1996-07-08
http://ufcstats.com/fighter-details/c3ded6f7155f9ea4,Alex Da Silva,172.72,185.42,155.0,Orthodox,1996-02-04
http://ufcstats.com/fighter-details/c3ea8deeba00462b,Pete Spratt,175.26,,170.0,Orthodox,1971-01-09
http://ufcstats.com/fighter-details/c3f6db17cea09ca7,Danilo Belluardo,182.88,187.96,155.0,Southpaw,1994-07-21
http://ufcstats.com/fighter-details/c41d426cc7326d1b,Yan Xiaonan,165.1,160.02,115.0,Orthodox,1989-06-16
http://ufcstats.com/fighter-details/c451d67c09c55418,Chan Sung Jung,170.18,182.88,145.0,Orthodox,1987-03-17
http://ufcstats.com/fighter-details/c4731f43693b96b8,Rodolfo Rubio Perez,165.1,,145.0,Orthodox,1987-01-29
http://ufcstats.com/fighter-details/c47df9303d318c67,Clay Guida,170.18,177.8,155.0,Orthodox,1981-12-08
http://ufcstats.com/fighter-details/c482c8605455a213,Junior Albini,190.5,187.96,264.0,Orthodox,1991-03-15
http://ufcstats.com/fighter-details/c487223b0289bda9,Hector Aldana,180.34,182.88,170.0,Orthodox,1988-08-17
http://ufcstats.com/fighter-details/c4af2feb4b58bc3b,Kazuki Tokudome,180.34,185.42,155.0,Southpaw,1987-03-04
http://ufcstats.com/fighter-details/c4b6099f0d25f75e,Jared Rollins,175.26,,170.0,Orthodox,1977-01-26
http://ufcstats.com/fighter-details/c4b81cdecd5d6abe,Gerald Harris,180.34,195.58,185.0,Southpaw,1979-11-19
http://ufcstats.com/fighter-details/c4b9296214f4c09c,Jason Von Flue,182.88,,170.0,Orthodox,1975-08-01
http://ufcstats.com/fighter-details/c4d039123e62f6a9,Dennis Buzukja,175.26,177.8,145.0,Switch,1997-10-01
http://ufcstats.com/fighter-details/c4fe2e9a06ea5bcb,Ben Alloway,180.34,193.04,170.0,Orthodox,1981-02-19
http://ufcstats.com/fighter-details/c549573c0df4d676,Maki Pitolo,177.8,190.5,185.0,Orthodox,1990-11-24
http://ufcstats.com/fighter-details/c575ab451e3c5b1d,Mickael Lebout,180.34,185.42,155.0,Orthodox,1987-08-16
http://ufcstats.com/fighter-details/c58f51dedb310998,Michael Chiesa,185.42,190.5,170.0,Southpaw,1987-12-07
http://ufcstats.com/fighter-details/c5a126ace82a6025,Anthony Birchak,172.72,175.26,135.0,Orthodox,1986-05-16
http://ufcstats.com/fighter-details/c5af5750e8bae4f0,Kyle Bochniak,170.18,177.8,145.0,Orthodox,1987-02-05
http://ufcstats.com/fighter-details/c5ccd878231c5407,Ramon Taveras,172.72,177.8,145.0,Southpaw,1994-01-09
http://ufcstats.com/fighter-details/c61f66d8c3fd5f07,Tony Petarra,180.34,,196.0,Orthodox,1966-11-08
http://ufcstats.com/fighter-details/c62fbc117d57b943,Tai Tuivasa,187.96,190.5,264.0,Southpaw,1993-03-16
http://ufcstats.com/fighter-details/c670aa48827d6be6,Dan Severn,187.96,,250.0,Southpaw,1958-06-08
http://ufcstats.com/fighter-details/c68c68efaa5ca6ef,Chidi Njokuani,190.5,203.2,170.0,Orthodox,1988-12-31
http://ufcstats.com/fighter-details/c6a33ff198aaaeeb,Stephan Bonnar,193.04,200.66,205.0,Orthodox,1977-04-04
http://ufcstats.com/fighter-details/c6aee362c7a7d482,Randy Brown,190.5,198.12,170.0,Orthodox,1990-07-08
http://ufcstats.com/fighter-details/c6d8ae3b016d5ad5,Joe Veres,170.18,,155.0,Orthodox,1977-11-09
http://ufcstats.com/fighter-details/c6da1c24fe473418,Julian Sanchez,190.5,,300.0,Orthodox,
http://ufcstats.com/fighter-details/c6e6926a81adcd00,Adriano Santos,,,,,
http://ufcstats.com/fighter-details/c7011de4765d2497,Paul Bradley,175.26,,170.0,Orthodox,1983-06-13
http://ufcstats.com/fighter-details/c727c7d31c50c4cf,Anthony Hamilton,195.58,193.04,260.0,Orthodox,1980-04-14
http://ufcstats.com/fighter-details/c730a0be691dc081,Jared Gooden,182.88,195.58,170.0,Orthodox,1993-12-05
http://ufcstats.com/fighter-details/c739c2995a275314,Yanal Ashmouz,175.26,175.26,155.0,Orthodox,1995-03-31
http://ufcstats.com/fighter-details/c742287ed86a09bc,Jessica Penne,165.1,170.18,115.0,Orthodox,1983-01-30
http://ufcstats.com/fighter-details/c75b99887c8c3f5a,Keith Rockel,182.88,,185.0,Orthodox,1965-08-28
http://ufcstats.com/fighter-details/c76ec2bc3a57666a,Mitch Clarke,177.8,185.42,155.0,Orthodox,1985-11-24
http://ufcstats.com/fighter-details/c77a953488e5607d,Vinc Pichel,177.8,182.88,155.0,Orthodox,1982-11-23
http://ufcstats.com/fighter-details/c7be22a47a58365a,Christina Marks,170.18,175.26,125.0,Orthodox,1985-11-08
http://ufcstats.com/fighter-details/c7c39e2fb70248b3,Chad Anheliger,167.64,162.56,135.0,Orthodox,1986-12-01
http://ufcstats.com/fighter-details/c7d297714d9ab1a4,Marion Reneau,167.64,172.72,135.0,Orthodox,1977-06-20
http://ufcstats.com/fighter-details/c7d7fda69ec410d3,Kamuela Kirk,177.8,190.5,155.0,Switch,1994-04-13
http://ufcstats.com/fighter-details/c7e9d15cfce52f1d,Tim Lajcik,185.42,,225.0,Orthodox,1965-06-21
http://ufcstats.com/fighter-details/c80095f6092271a7,Tim Boetsch,182.88,187.96,185.0,Orthodox,1981-01-28
http://ufcstats.com/fighter-details/c8097968da5e5f13,Chris Wade,177.8,177.8,155.0,Orthodox,1987-09-30
http://ufcstats.com/fighter-details/c8136ab8aa32c974,Kalib Starnes,190.5,187.96,185.0,Orthodox,1975-01-06
http://ufcstats.com/fighter-details/c814b4c899793af6,Rafael Fiziev,172.72,180.34,155.0,Switch,1993-03-05
http://ufcstats.com/fighter-details/c849740a3ff51931,TJ Dillashaw,167.64,170.18,135.0,Orthodox,1986-02-07
http://ufcstats.com/fighter-details/c85bad793cd14e28,Marcio Barbosa,167.64,177.8,145.0,Orthodox,1998-05-22
http://ufcstats.com/fighter-details/c878270af633eb11,Jordan Wright,187.96,195.58,205.0,Orthodox,1991-10-07
http://ufcstats.com/fighter-details/c88f8a9c1ea7165d,Farman Hasanov,180.34,187.96,170.0,Orthodox,1995-08-01
http://ufcstats.com/fighter-details/c8cca8f3de5be4b4,Jorge Patino,172.72,,170.0,Orthodox,1973-08-05
http://ufcstats.com/fighter-details/c933d423ebdbbbdb,John Matua,187.96,,400.0,Orthodox,
http://ufcstats.com/fighter-details/c940b42df95bbd28,Feng Xiaocan,167.64,170.18,115.0,Southpaw,2001-10-27
http://ufcstats.com/fighter-details/c945adc22c2bfe8f,Brad Pickett,167.64,172.72,135.0,Orthodox,1978-09-24
http://ufcstats.com/fighter-details/c9587d81e1d33925,Jerome Rivera,177.8,182.88,125.0,Southpaw,1995-04-22
http://ufcstats.com/fighter-details/c96518b7f6881004,Bob Gilstrap,190.5,,200.0,Orthodox,
http://ufcstats.com/fighter-details/c96d9178c9ed9e62,Tim Elliott,170.18,167.64,125.0,Southpaw,1986-12-24
http://ufcstats.com/fighter-details/c96e2ae6021144a1,Damacio Page,167.64,167.64,135.0,Orthodox,1982-09-30
http://ufcstats.com/fighter-details/c9a94278df042f46,Alan Baudot,190.5,200.66,243.0,Orthodox,1988-02-01
http://ufcstats.com/fighter-details/c9bbf1a0285a8076,Jeff Cox,177.8,,155.0,Orthodox,1968-08-02
http://ufcstats.com/fighter-details/c9cf753cfdf77fc2,Marcin Tybura,190.5,198.12,249.0,Orthodox,1985-11-09
http://ufcstats.com/fighter-details/c9f6385af6df66d7,Papy Abedi,180.34,,185.0,Southpaw,1978-06-30
http://ufcstats.com/fighter-details/ca28cdf526d6b6e9,Nurullo Aliev,177.8,182.88,155.0,Orthodox,2000-12-08
http://ufcstats.com/fighter-details/ca2efc9d7d523c43,Shawn Jordan,182.88,190.5,260.0,Southpaw,1984-10-21
http://ufcstats.com/fighter-details/ca36633b80be4a78,Kaynan Kruschewsky,182.88,185.42,155.0,Orthodox,1991-04-04
http://ufcstats.com/fighter-details/ca43de99b07b6b40,Josh Fremd,193.04,193.04,185.0,Orthodox,1994-01-15
http://ufcstats.com/fighter-details/ca80d72da81d7224,Michelle Montague,175.26,172.72,135.0,Southpaw,1993-11-25
http://ufcstats.com/fighter-details/cac08b8685387ca5,James McSweeney,193.04,195.58,230.0,Switch,1980-10-24
http://ufcstats.com/fighter-details/cad24459b28592ca,Eryk Anders,185.42,190.5,185.0,Southpaw,1987-04-21
http://ufcstats.com/fighter-details/cb139171ed1b69fe,Kenny Florian,177.8,187.96,145.0,Southpaw,1976-05-26
http://ufcstats.com/fighter-details/cb46dface0e28a2c,Jorge Rivera,185.42,185.42,185.0,Orthodox,1972-02-28
http://ufcstats.com/fighter-details/cb52f9490c2dc069,Sean O'Connell,185.42,187.96,205.0,Orthodox,1983-09-02
http://ufcstats.com/fighter-details/cb6783c39c01d896,Tiki Ghosn,177.8,,170.0,Orthodox,1977-02-09
http://ufcstats.com/fighter-details/cb696ebfb6598724,Aljamain Sterling,170.18,180.34,145.0,Orthodox,1989-07-31
http://ufcstats.com/fighter-details/cbb682f5fcc44bfc,Anthony Pettis,177.8,182.88,155.0,Orthodox,1987-01-27
http://ufcstats.com/fighter-details/cbd3e590a85b18c5,Mirsad Bektic,172.72,177.8,145.0,Orthodox,1991-02-16
http://ufcstats.com/fighter-details/cbd5d3cdd862e90e,Rory MacDonald,182.88,193.04,170.0,Orthodox,1989-07-22
http://ufcstats.com/fighter-details/cbd6f1abf955e628,Dave Herman,193.04,195.58,242.0,Orthodox,1984-10-03
http://ufcstats.com/fighter-details/cbe79765d44bd172,Alvin Robinson,175.26,172.72,155.0,Southpaw,1982-07-16
http://ufcstats.com/fighter-details/cbf1c7ba5408a66f,Salim Touahri,177.8,182.88,170.0,Orthodox,1989-09-28
http://ufcstats.com/fighter-details/cbf5e6f231b55443,Yair Rodriguez,180.34,180.34,145.0,Orthodox,1992-10-06
http://ufcstats.com/fighter-details/cbf94e4c4af4ff6d,Nate Loughran,187.96,,185.0,Orthodox,1980-07-28
http://ufcstats.com/fighter-details/cbfd1d34356a004c,Jeff Monson,175.26,187.96,247.0,Orthodox,1971-01-18
http://ufcstats.com/fighter-details/cc1a8b4b38b92c6d,Montel Jackson,177.8,190.5,135.0,Southpaw,1992-04-24
http://ufcstats.com/fighter-details/cc300e9aa3063431,Andre Gusmao,182.88,,205.0,Orthodox,1977-05-19
http://ufcstats.com/fighter-details/cc3147b49c7d7d92,Dan Stittgen,185.42,,170.0,Orthodox,1980-11-17
http://ufcstats.com/fighter-details/cc351e408bbb7d43,Brandon Davis,177.8,182.88,135.0,Orthodox,1990-05-08
http://ufcstats.com/fighter-details/cc6f9d1e89f3449a,Manvel Gamburyan,165.1,170.18,135.0,Orthodox,1981-05-08
http://ufcstats.com/fighter-details/cc7040fe76f0ef91,Devin Clark,182.88,190.5,205.0,Orthodox,1990-04-12
http://ufcstats.com/fighter-details/cc81c92fe2254935,Tom Gallicchio,177.8,,170.0,Southpaw,1986-09-23
http://ufcstats.com/fighter-details/cc84b68f862b466f,Eddie Yagin,170.18,,145.0,Orthodox,1979-03-23
http://ufcstats.com/fighter-details/cc8c623cca88f54f,Mayra Bueno Silva,167.64,167.64,135.0,Orthodox,1991-08-22
http://ufcstats.com/fighter-details/cc900af167fbedfd,Timothy Johnson,190.5,195.58,265.0,Southpaw,1985-03-13
http://ufcstats.com/fighter-details/cc900c6a71ed23f3,Clay Collard,180.34,185.42,145.0,Orthodox,1993-03-10
http://ufcstats.com/fighter-details/cc98d857b148e33a,Leonardo Guimaraes,182.88,,185.0,Orthodox,1982-04-15
http://ufcstats.com/fighter-details/ccba80d4820ef557,Gabe Ruediger,177.8,,155.0,Orthodox,1977-08-29
http://ufcstats.com/fighter-details/ccd1299e0345e0ce,Melvin Guillard,175.26,180.34,155.0,Orthodox,1983-03-30
http://ufcstats.com/fighter-details/ccdd90bd1fc7dab6,Vladimir Matyushenko,182.88,187.96,205.0,Orthodox,1971-01-04
http://ufcstats.com/fighter-details/cce79e827569f26e,Ronys Torres,170.18,,155.0,Orthodox,1975-08-13
http://ufcstats.com/fighter-details/ccf5dc41417e9daf,Juan Espino,190.5,203.2,255.0,Orthodox,1980-10-09
http://ufcstats.com/fighter-details/cd01f0b768a32475,Jonathan Wilson,187.96,190.5,205.0,Southpaw,1987-07-17
http://ufcstats.com/fighter-details/cd0dfd9846bd03b9,Julien Leblanc,187.96,187.96,185.0,Southpaw,1992-01-21
http://ufcstats.com/fighter-details/cd12227edd3f134b,Keith Wisniewski,182.88,,170.0,Orthodox,1981-10-25
http://ufcstats.com/fighter-details/cd13728ae1151f46,Ion Cutelaba,185.42,190.5,205.0,Southpaw,1993-12-14
http://ufcstats.com/fighter-details/cd2c4d30c6e13b47,Marina Rodriguez,167.64,165.1,115.0,Orthodox,1987-04-29
http://ufcstats.com/fighter-details/cd2e5a390821fb48,TJ Laramie,167.64,167.64,145.0,Orthodox,1997-10-15
http://ufcstats.com/fighter-details/cd3d7e37ff2d679c,Ricky Turcios,175.26,180.34,145.0,Orthodox,1993-06-05
http://ufcstats.com/fighter-details/cd7763bcadb5d4c8,Alan Patrick,180.34,187.96,155.0,Southpaw,1983-07-19
http://ufcstats.com/fighter-details/cd7bafbeee1f29a0,War Machine,180.34,,170.0,Orthodox,1981-11-30
http://ufcstats.com/fighter-details/cd85b48dc880fabd,Horacio Gutierrez,177.8,,145.0,,1990-09-15
http://ufcstats.com/fighter-details/cda1099995b46cc2,Genaro Valdez,175.26,182.88,155.0,Orthodox,1992-01-16
http://ufcstats.com/fighter-details/cdadae5363b66eef,Francisco Figueiredo,167.64,172.72,125.0,Southpaw,1989-10-23
http://ufcstats.com/fighter-details/cdb7b38b1b357f26,Louie Sutherland,190.5,193.04,264.0,Orthodox,1994-02-08
http://ufcstats.com/fighter-details/cdb96af67d096b1e,Alex Morono,180.34,182.88,170.0,Orthodox,1990-08-16
http://ufcstats.com/fighter-details/ce175eaafe867d1f,Micheal Gillmore,180.34,182.88,170.0,Orthodox,1987-03-28
http://ufcstats.com/fighter-details/ce1e867808ef5fce,Justin Willis,185.42,198.12,264.0,Southpaw,1987-07-19
http://ufcstats.com/fighter-details/ce47f49e5c386a9c,Kit Cope,182.88,,170.0,Orthodox,1977-03-17
http://ufcstats.com/fighter-details/ce6065baef021cf3,Ikuhisa Minowa,175.26,,181.0,Orthodox,1976-01-12
http://ufcstats.com/fighter-details/ce632027bf2a871b,Dalcha Lungiambula,172.72,193.04,185.0,Orthodox,1987-07-31
http://ufcstats.com/fighter-details/ce783bf73b5131f9,Eugene Jackson,172.72,,185.0,Orthodox,1966-09-23
http://ufcstats.com/fighter-details/cedfdf8d423d500c,Pat Miletich,177.8,,170.0,Orthodox,1968-03-09
http://ufcstats.com/fighter-details/cf1a88371c8cb690,Aaron Brink,190.5,,205.0,Orthodox,1974-11-12
http://ufcstats.com/fighter-details/cf615eb4b7862c76,Hayder Hassan,177.8,,170.0,,1982-10-20
http://ufcstats.com/fighter-details/cf65d56b0755ed3b,Alan Jouban,182.88,185.42,170.0,Southpaw,1981-11-25
http://ufcstats.com/fighter-details/cf946e03ba2e7666,Kevin Aguilar,170.18,185.42,155.0,Orthodox,1988-09-07
http://ufcstats.com/fighter-details/cf9d24e4bd0cf2ce,Mark Bocek,172.72,190.5,155.0,Orthodox,1981-10-24
http://ufcstats.com/fighter-details/cfaf010d5b389c09,Mike Wilkinson,170.18,167.64,145.0,Orthodox,1987-09-15
http://ufcstats.com/fighter-details/cfb65863d5099327,Thales Leites,185.42,198.12,185.0,Orthodox,1981-09-06
http://ufcstats.com/fighter-details/cfbb3edab781dfd2,Shanelle Dyer,167.64,165.1,115.0,Orthodox,2001-04-23
http://ufcstats.com/fighter-details/cfc3e7bb44685289,Trey Ogden,180.34,182.88,155.0,Orthodox,1989-11-14
http://ufcstats.com/fighter-details/cffb87059e645bd1,Denise Gomes,157.48,160.02,115.0,Orthodox,1999-12-30
http://ufcstats.com/fighter-details/d008d785f6347dc2,JeongYeong Lee,177.8,185.42,145.0,Orthodox,1995-11-13
http://ufcstats.com/fighter-details/d023ae89a2a4a41e,Matthew Riddle,185.42,193.04,170.0,Southpaw,1986-01-14
http://ufcstats.com/fighter-details/d024ed963e8bf7ea,Damien Brown,177.8,172.72,155.0,Orthodox,1984-12-25
http://ufcstats.com/fighter-details/d0314416a7f26527,Michael McDonald,175.26,177.8,135.0,Orthodox,1991-01-15
http://ufcstats.com/fighter-details/d05412b513b19621,Guido Cannetti,167.64,172.72,135.0,Southpaw,1979-12-19
http://ufcstats.com/fighter-details/d05cb1e8d1b885d8,Jinh Yu Frey,160.02,165.1,115.0,Southpaw,1985-05-20
http://ufcstats.com/fighter-details/d06f8869449ba7bd,Alexander Yakovlev,190.5,187.96,155.0,Southpaw,1984-07-18
http://ufcstats.com/fighter-details/d0a5ef38a7778ac2,Estevan Payan,177.8,,145.0,Orthodox,1982-03-14
http://ufcstats.com/fighter-details/d0aaedcf7ccd0b45,Chris Daukaus,190.5,193.04,205.0,Orthodox,1989-09-25
http://ufcstats.com/fighter-details/d0c29452d3272603,Dan Miller,185.42,187.96,185.0,Orthodox,1981-06-30
http://ufcstats.com/fighter-details/d0d7160824278840,Junior Assuncao,175.26,182.88,145.0,Orthodox,1981-06-24
http://ufcstats.com/fighter-details/d0e1b42d41dab603,Julian Marquez,187.96,182.88,185.0,Orthodox,1990-05-08
http://ufcstats.com/fighter-details/d0e50a3d1b250708,Andre Soukhamthath,175.26,177.8,135.0,Orthodox,1988-10-23
http://ufcstats.com/fighter-details/d0f3959b4a9747e6,Jose Aldo,170.18,177.8,135.0,Orthodox,1986-09-09
http://ufcstats.com/fighter-details/d0fd0d9ee560dae7,Brando Pericic,195.58,200.66,245.0,Orthodox,1994-08-03
http://ufcstats.com/fighter-details/d1026588fa65693f,Jessie Rosas,170.18,172.72,145.0,Southpaw,2002-12-04
http://ufcstats.com/fighter-details/d1053e55f00e53fe,AJ Cunningham,177.8,180.34,135.0,Orthodox,1994-09-07
http://ufcstats.com/fighter-details/d10b35152277cf98,James Toney,175.26,,220.0,Orthodox,1968-08-24
http://ufcstats.com/fighter-details/d1152823307d7e7c,Rameau Thierry Sokoudjou,177.8,198.12,205.0,Orthodox,1984-04-18
http://ufcstats.com/fighter-details/d1528ac5675558b1,Rashad Coulter,180.34,193.04,205.0,Orthodox,1981-11-27
http://ufcstats.com/fighter-details/d156513a19acf856,Sam Alvey,187.96,190.5,185.0,Southpaw,1986-05-06
http://ufcstats.com/fighter-details/d1759b2b7be9be56,Hector Ramirez,182.88,,205.0,Orthodox,1976-03-28
http://ufcstats.com/fighter-details/d188a3b817860ec6,Steven Siler,180.34,177.8,145.0,Orthodox,1987-02-15
http://ufcstats.com/fighter-details/d18dbcb0f8e2b55d,Alex Soto,172.72,,135.0,Southpaw,1984-02-15
http://ufcstats.com/fighter-details/d1941565abf50b16,Jim Miller,172.72,180.34,155.0,Southpaw,1983-08-30
http://ufcstats.com/fighter-details/d1a1314976c50bef,Josh Neer,180.34,182.88,170.0,Orthodox,1983-03-24
http://ufcstats.com/fighter-details/d1c65d2cf2925ddd,Gregory Rodrigues,190.5,190.5,185.0,Orthodox,1992-02-17
http://ufcstats.com/fighter-details/d1dcd4e96464a53d,Jules Bruchez,182.88,,205.0,Southpaw,1977-08-16
http://ufcstats.com/fighter-details/d1e1fdcea7c8a90a,Leandro Issa,170.18,175.26,135.0,Orthodox,1983-09-19
http://ufcstats.com/fighter-details/d1e6a6536ee62517,Tyrone Roberts,175.26,,185.0,Orthodox,1972-07-14
http://ufcstats.com/fighter-details/d1e7fc58d4225cdf,Danny Castillo,175.26,180.34,155.0,Orthodox,1979-08-25
http://ufcstats.com/fighter-details/d1feea7a4bdcd503,Baisangur Susurkaev,187.96,200.66,185.0,Orthodox,2001-01-08
http://ufcstats.com/fighter-details/d2036f31c035e0d1,Jose Torres,162.56,165.1,125.0,Orthodox,1992-08-02
http://ufcstats.com/fighter-details/d21113c9ff3788ae,Peter Barrett,177.8,185.42,145.0,Southpaw,1986-08-10
http://ufcstats.com/fighter-details/d221ee27afc7a60e,Viscardi Andrade,180.34,190.5,170.0,Orthodox,1984-03-08
http://ufcstats.com/fighter-details/d23ccf4a6c221284,Karlos Vemola,182.88,190.5,185.0,Orthodox,1985-07-03
http://ufcstats.com/fighter-details/d247691a6c0e9034,Cub Swanson,172.72,177.8,145.0,Orthodox,1983-11-02
http://ufcstats.com/fighter-details/d25240135aee03e5,Tabatha Ricci,154.94,154.94,115.0,Orthodox,1995-02-21
http://ufcstats.com/fighter-details/d25b93992f285953,TJ O'Brien,187.96,,155.0,Orthodox,1987-01-01
http://ufcstats.com/fighter-details/d26934530dc5b248,Gilbert Aldana,185.42,,250.0,Orthodox,1977-08-25
http://ufcstats.com/fighter-details/d28dee5c705991df,Stipe Miocic,193.04,203.2,240.0,Orthodox,1982-08-19
http://ufcstats.com/fighter-details/d29b5c4f22c6357d,Gilbert Yvel,187.96,195.58,225.0,Orthodox,1976-06-30
http://ufcstats.com/fighter-details/d2b1c1317a39f6c6,Satoshi Honma,185.42,,205.0,Orthodox,1968-05-19
http://ufcstats.com/fighter-details/d2bc285ead803db0,Louis Smolka,175.26,172.72,135.0,Orthodox,1991-07-16
http://ufcstats.com/fighter-details/d2c55d1d2e67773b,David Branch,185.42,198.12,185.0,Orthodox,1981-09-26
http://ufcstats.com/fighter-details/d2cd7a69cc55e7ed,Austin Hubbard,177.8,180.34,155.0,Orthodox,1991-12-22
http://ufcstats.com/fighter-details/d2d37e8eeb3abc8d,Frank Trigg,175.26,180.34,170.0,Southpaw,1972-05-07
http://ufcstats.com/fighter-details/d2f43cfaf8ca3560,Fernando Padilla,185.42,193.04,145.0,Orthodox,1996-12-15
http://ufcstats.com/fighter-details/d317a5e2b3f88c5f,Warlley Alves,180.34,182.88,185.0,Orthodox,1991-01-04
http://ufcstats.com/fighter-details/d31a5546c0e9b213,Rodrigo Nascimento,187.96,203.2,246.0,Orthodox,1992-11-26
http://ufcstats.com/fighter-details/d31cbcdd7d69536d,TJ Brown,175.26,182.88,145.0,Switch,1990-05-22
http://ufcstats.com/fighter-details/d33da8a3d82bdb62,Kai Asakura,172.72,175.26,135.0,Orthodox,1993-10-31
http://ufcstats.com/fighter-details/d343df8ba11f4c4e,Nina Nunes,165.1,162.56,125.0,Orthodox,1985-12-03
http://ufcstats.com/fighter-details/d34636a85f0f4c90,Motonobu Tezuka,170.18,,135.0,Southpaw,1987-08-29
http://ufcstats.com/fighter-details/d35298b6df168456,Talita Alencar,154.94,147.32,115.0,Orthodox,1990-10-17
http://ufcstats.com/fighter-details/d35c3ed553b71fa2,Joe Vedepo,182.88,,185.0,Orthodox,1983-01-01
http://ufcstats.com/fighter-details/d35f734c56a89103,Karl Williams,190.5,200.66,235.0,Orthodox,1990-01-06
http://ufcstats.com/fighter-details/d3711d3784b76255,Zane Frazier,195.58,,250.0,Orthodox,
http://ufcstats.com/fighter-details/d38e8c6ae2dfc051,Nazareno Malegarie,172.72,,155.0,,1986-05-16
http://ufcstats.com/fighter-details/d3b5ad3b15a64a18,Francesco Maturi,,,,,
http://ufcstats.com/fighter-details/d3c554d6e11fc9d6,Jianping Yang,170.18,,145.0,Orthodox,1988-11-27
http://ufcstats.com/fighter-details/d3de4a24f7eefac8,Doug Evans,175.26,,155.0,Orthodox,1980-10-10
http://ufcstats.com/fighter-details/d3df1add9d9a7efb,Derrick Lewis,190.5,200.66,260.0,Orthodox,1985-02-07
http://ufcstats.com/fighter-details/d3f5d33d61cd00c9,Norma Dumont,170.18,170.18,135.0,Orthodox,1990-10-01
http://ufcstats.com/fighter-details/d3f89fa685bd8420,Austin Bashi,167.64,177.8,145.0,Orthodox,2001-09-29
http://ufcstats.com/fighter-details/d3fa5c5955397532,Grigory Popov,170.18,172.72,135.0,Switch,1984-04-18
http://ufcstats.com/fighter-details/d403b1a6f278c95e,Vagner Rocha,177.8,185.42,155.0,Orthodox,1982-06-06
http://ufcstats.com/fighter-details/d41937647eae9a34,Reza Nasri,180.34,,205.0,Orthodox,
http://ufcstats.com/fighter-details/d4270315cbcf2569,Jacob Malkoun,175.26,185.42,185.0,Orthodox,1995-08-26
http://ufcstats.com/fighter-details/d436f5d55156a521,Murtazali Magomedov,175.26,177.8,145.0,Orthodox,1999-08-26
http://ufcstats.com/fighter-details/d43a048a880efdff,Chris Leben,180.34,185.42,185.0,Southpaw,1980-07-21
http://ufcstats.com/fighter-details/d468288756ae3982,Renato Sobral,185.42,190.5,205.0,Orthodox,1975-09-07
http://ufcstats.com/fighter-details/d4691518d012b9e7,Aspen Ladd,167.64,167.64,135.0,Orthodox,1995-03-01
http://ufcstats.com/fighter-details/d4a31850a7457f1b,Amanda Cooper,160.02,162.56,115.0,Switch,1991-10-22
http://ufcstats.com/fighter-details/d4c9dcd330403612,Anthony Smith,193.04,193.04,205.0,Orthodox,1988-07-26
http://ufcstats.com/fighter-details/d4f364dd076bb0e2,Cung Le,175.26,177.8,185.0,Southpaw,1972-05-25
http://ufcstats.com/fighter-details/d50382dc0565a9e1,Viviane Pereira,154.94,160.02,115.0,Orthodox,1993-08-28
http://ufcstats.com/fighter-details/d512d9f204059f57,Joe Riggs,182.88,177.8,185.0,Southpaw,1982-09-23
http://ufcstats.com/fighter-details/d53482bef23235ba,Marcio Alexandre Junior,182.88,190.5,185.0,Southpaw,1989-05-05
http://ufcstats.com/fighter-details/d549cefc7c54ab78,Reinier de Ridder,193.04,198.12,185.0,Southpaw,1990-09-07
http://ufcstats.com/fighter-details/d56caaa5e123f518,Masutatsu Yano,175.26,,198.0,Orthodox,1975-07-11
http://ufcstats.com/fighter-details/d58478ded5534695,Maiquel Falcao,180.34,,185.0,Orthodox,1981-03-08
http://ufcstats.com/fighter-details/d5b7fac960e58920,Chris Indich,177.8,,170.0,,1987-04-22
http://ufcstats.com/fighter-details/d5bab53a1a603aac,Ryan Loder,187.96,193.04,185.0,Southpaw,1991-06-05
http://ufcstats.com/fighter-details/d5ed14b2153c6ed2,Semmy Schilt,208.28,,265.0,Orthodox,1973-10-27
http://ufcstats.com/fighter-details/d5f820c11a121050,Aaron Simpson,182.88,185.42,170.0,Orthodox,1974-07-20
http://ufcstats.com/fighter-details/d61316139d68dbe3,Roman Bogatov,172.72,185.42,155.0,Orthodox,1990-12-15
http://ufcstats.com/fighter-details/d6285cba1d1052e0,Bojan Mihajlovic,180.34,185.42,205.0,Orthodox,1980-03-30
http://ufcstats.com/fighter-details/d62bb4d84a7267ba,Mark Hughes,175.26,,205.0,Southpaw,1973-10-13
http://ufcstats.com/fighter-details/d62e280d0f7b6d6f,Luke Fernandez,185.42,193.04,205.0,Orthodox,1995-06-29
http://ufcstats.com/fighter-details/d632d156c0549e07,Nissen Osterneck,187.96,,185.0,Orthodox,1981-05-01
http://ufcstats.com/fighter-details/d661ce4da776fc20,Petr Yan,170.18,170.18,135.0,Switch,1993-02-11
http://ufcstats.com/fighter-details/d66a46de8d705353,Jeremiah Wells,175.26,187.96,170.0,Switch,1986-10-30
http://ufcstats.com/fighter-details/d683f4870742b273,Shi Ming,157.48,152.4,115.0,Orthodox,1994-11-14
http://ufcstats.com/fighter-details/d6a8edb7410223a0,Rafael Tobias,187.96,187.96,205.0,Orthodox,2003-03-20
http://ufcstats.com/fighter-details/d6c0cdd7e467c440,Kyle Daukaus,187.96,193.04,185.0,Southpaw,1993-02-27
http://ufcstats.com/fighter-details/d6d5da3c209884bc,Guilherme Vasconcelos,182.88,,185.0,Orthodox,1986-03-23
http://ufcstats.com/fighter-details/d6ead04919a894b1,Duda Santana,170.18,185.42,145.0,Orthodox,1996-01-10
http://ufcstats.com/fighter-details/d71d968dc6ecfdaf,Katsuhisa Fujii,182.88,,205.0,Orthodox,1972-08-15
http://ufcstats.com/fighter-details/d7338bcb141abd2c,Antonina Shevchenko,172.72,170.18,125.0,Southpaw,1984-11-20
http://ufcstats.com/fighter-details/d747eb273a40a920,Claudio Puelles,177.8,182.88,155.0,Southpaw,1996-04-21
http://ufcstats.com/fighter-details/d74cba8566291bfa,Junie Browning,175.26,,155.0,Orthodox,1984-05-12
http://ufcstats.com/fighter-details/d761b3766e38c5db,Marcel Fortuna,185.42,187.96,205.0,Orthodox,1985-10-22
http://ufcstats.com/fighter-details/d76ad9a08c4408ff,Bobby Moffett,177.8,185.42,145.0,Orthodox,1990-06-01
http://ufcstats.com/fighter-details/d776b5814f2400b4,Ethyn Ewing,167.64,175.26,135.0,Orthodox,1996-02-19
http://ufcstats.com/fighter-details/d7adfcfdf7c6c1f8,Ian Entwistle,165.1,,135.0,Orthodox,1986-11-19
http://ufcstats.com/fighter-details/d7b2c0b53883ee80,Kyle Watson,182.88,,155.0,Southpaw,1979-08-09
http://ufcstats.com/fighter-details/d7c3816669784109,Karolina Kowalkiewicz,160.02,162.56,115.0,Orthodox,1985-10-15
http://ufcstats.com/fighter-details/d7c4956d61ae76a9,Jose Delano,172.72,177.8,145.0,Orthodox,1996-09-11
http://ufcstats.com/fighter-details/d7e40dca3ae125be,Diana Belbita,170.18,172.72,125.0,Orthodox,1996-06-26
http://ufcstats.com/fighter-details/d7fe8c6b7d2872e5,Brendon Marotte,175.26,177.8,145.0,Orthodox,1996-01-12
http://ufcstats.com/fighter-details/d802174b0c0c1f4e,Magomed Ankalaev,190.5,190.5,205.0,Orthodox,1992-06-02
http://ufcstats.com/fighter-details/d8022d5526b1d937,Chad Reiner,180.34,,170.0,Orthodox,1981-06-29
http://ufcstats.com/fighter-details/d80ee110748171ac,Mike Breeden,177.8,177.8,155.0,Orthodox,1989-04-21
http://ufcstats.com/fighter-details/d814f5192e58fb2f,Drew Fickett,177.8,177.8,155.0,Orthodox,1979-12-14
http://ufcstats.com/fighter-details/d81ac739417d7f53,Jake Ellenberger,175.26,180.34,170.0,Orthodox,1985-03-28
http://ufcstats.com/fighter-details/d897897060f10a3a,Rich Franklin,185.42,193.04,185.0,Southpaw,1974-10-05
http://ufcstats.com/fighter-details/d8c7c61b176e3994,Cody Garbrandt,172.72,165.1,135.0,Orthodox,1991-07-07
http://ufcstats.com/fighter-details/d8c811df0386d5e8,Rinya Nakamura,170.18,172.72,135.0,Southpaw,1995-03-23
http://ufcstats.com/fighter-details/d8d7b24d276c8cb0,Albert Cheng,180.34,,170.0,Orthodox,1985-02-07
http://ufcstats.com/fighter-details/d8da10db80131bec,Niko Price,182.88,193.04,170.0,Orthodox,1989-09-29
http://ufcstats.com/fighter-details/d90b630e0561818b,Gan McGee,208.28,,265.0,Orthodox,1976-11-20
http://ufcstats.com/fighter-details/d910665038efc639,Carla Esparza,154.94,160.02,115.0,Orthodox,1987-10-10
http://ufcstats.com/fighter-details/d945aae53e3e54e6,Thiago Moises,175.26,177.8,155.0,Orthodox,1995-03-23
http://ufcstats.com/fighter-details/d958ed9e5a08c849,Ryan Kuse,172.72,180.34,145.0,Orthodox,1994-06-24
http://ufcstats.com/fighter-details/d964a59c48381cb6,Danny Silva,170.18,175.26,145.0,Switch,1997-01-30
http://ufcstats.com/fighter-details/d967f0128c323de6,Daniel Cormier,180.34,182.88,235.0,Orthodox,1979-03-20
http://ufcstats.com/fighter-details/d9a56ecb6e94f02e,Evan Elder,177.8,182.88,155.0,Switch,1997-04-11
http://ufcstats.com/fighter-details/d9c6f19f958643e9,Bryce Mitchell,177.8,177.8,135.0,Southpaw,1994-10-04
http://ufcstats.com/fighter-details/da0995f19b749cfa,Mark Madsen,172.72,182.88,155.0,Orthodox,1984-09-23
http://ufcstats.com/fighter-details/da1d8d76404bb6b5,Bruno Santos,175.26,,185.0,Orthodox,1987-07-17
http://ufcstats.com/fighter-details/da22387a0407a2dc,Da'Mon Blackshear,177.8,182.88,135.0,Switch,1994-08-12
http://ufcstats.com/fighter-details/da4628f173337902,Don Shainis,167.64,170.18,145.0,Orthodox,1990-09-16
http://ufcstats.com/fighter-details/da6dfd09cca1d705,Wallid Ismail,170.18,,205.0,Orthodox,1968-02-23
http://ufcstats.com/fighter-details/da7f113b5ea39c43,Mohammed Usman,187.96,200.66,239.0,Orthodox,1989-04-01
http://ufcstats.com/fighter-details/da816417a579a0bd,Gavin Tucker,167.64,167.64,145.0,Southpaw,1986-06-17
http://ufcstats.com/fighter-details/da97d6c97d09c030,Charles McCarthy,177.8,180.34,185.0,Orthodox,1980-08-06
http://ufcstats.com/fighter-details/dab8cfbb6b1db10a,Livinha Souza,160.02,160.02,115.0,Orthodox,1991-03-11
http://ufcstats.com/fighter-details/daf1b84aebd6602b,Roger Huerta,175.26,177.8,155.0,Orthodox,1983-05-20
http://ufcstats.com/fighter-details/db1f2ed63b54b9a7,Hector Lombard,175.26,180.34,185.0,Southpaw,1978-02-02
http://ufcstats.com/fighter-details/db5dc7cb80d7d418,Will Chope,193.04,,145.0,Switch,1990-09-08
http://ufcstats.com/fighter-details/db6d5f691aea3fd3,Wagner Campos,167.64,,145.0,Southpaw,1981-07-31
http://ufcstats.com/fighter-details/dbaaf42313af90fa,Joe Doerksen,182.88,190.5,185.0,Orthodox,1977-10-09
http://ufcstats.com/fighter-details/dbac0a413af64bbe,Felipe Colares,172.72,175.26,145.0,Orthodox,1994-03-31
http://ufcstats.com/fighter-details/dbc17725b887860a,Cezar Ferreira,185.42,198.12,185.0,Southpaw,1985-02-15
http://ufcstats.com/fighter-details/dbea8c1cb327ab3d,Igor Araujo,185.42,195.58,170.0,Orthodox,1980-12-06
http://ufcstats.com/fighter-details/dc07493a87dc0a6e,Alex Reyes,180.34,185.42,155.0,Orthodox,1986-10-02
http://ufcstats.com/fighter-details/dc0f07928009a127,Rob Emerson,175.26,177.8,155.0,Orthodox,1981-07-30
http://ufcstats.com/fighter-details/dc3b9cf7641b7ab6,Drako Rodriguez,172.72,175.26,135.0,Orthodox,1996-06-16
http://ufcstats.com/fighter-details/dc5a6b2fdb27e7dc,Amilcar Alves,182.88,,170.0,Southpaw,1988-08-08
http://ufcstats.com/fighter-details/dc7927cd622676a7,Victor Altamirano,172.72,177.8,125.0,Switch,1991-01-23
http://ufcstats.com/fighter-details/dc950d59dc590aca,Ebenezer Fontes Braga,182.88,,199.0,Orthodox,1969-04-14
http://ufcstats.com/fighter-details/dc9572dd6ec74859,Colby Covington,180.34,182.88,170.0,Orthodox,1988-02-22
http://ufcstats.com/fighter-details/dcbf01d605681ad1,Elizabeth Phillips,167.64,165.1,135.0,Orthodox,1986-08-20
http://ufcstats.com/fighter-details/dccb63727f2f5f74,Matt Frevola,175.26,180.34,155.0,Orthodox,1990-06-11
http://ufcstats.com/fighter-details/dcdd511ff757f15c,Oli Thompson,185.42,190.5,242.0,Orthodox,1980-01-02
http://ufcstats.com/fighter-details/dd12382f28296f7b,Wang Guan,175.26,180.34,145.0,Orthodox,1986-03-14
http://ufcstats.com/fighter-details/dd37fd509af89f15,Josh Koscheck,177.8,185.42,170.0,Orthodox,1977-11-30
http://ufcstats.com/fighter-details/dd4c16777fb2ccf9,Heather Clark,167.64,162.56,115.0,Orthodox,1980-09-19
http://ufcstats.com/fighter-details/dd6103dd7127db1d,Mike Malott,185.42,185.42,170.0,Orthodox,1991-11-07
http://ufcstats.com/fighter-details/dd8aec6de7035943,Dan Evensen,190.5,,250.0,Orthodox,1974-06-01
http://ufcstats.com/fighter-details/dd992d569aaebee6,Jesse Taylor,182.88,185.42,170.0,Orthodox,1983-01-02
http://ufcstats.com/fighter-details/dda15dbfafb792df,Kevin Jousset,187.96,190.5,170.0,Orthodox,1993-05-02
http://ufcstats.com/fighter-details/ddbe4fa2ea573393,Jimmy Quinlan,182.88,,185.0,Orthodox,1986-05-25
http://ufcstats.com/fighter-details/ddf3e0ea10ea6d8c,Jorge de Oliveira,172.72,,155.0,Orthodox,1980-01-22
http://ufcstats.com/fighter-details/de12bd65e2f46478,Pat Schilling,172.72,,145.0,Orthodox,1988-08-28
http://ufcstats.com/fighter-details/de26d906f2874dd4,Saygid Izagakhmaev,182.88,187.96,170.0,,1994-09-03
http://ufcstats.com/fighter-details/de3ed2e152520c8d,Cal Worsham,180.34,,230.0,Orthodox,1963-06-11
http://ufcstats.com/fighter-details/de45aaae23dfa392,Christos Giagos,177.8,180.34,155.0,Orthodox,1990-01-23
http://ufcstats.com/fighter-details/de594b35c45c2e9a,Eduarda Moura,167.64,170.18,125.0,Orthodox,1994-02-28
http://ufcstats.com/fighter-details/de62052b2ede65ba,Matt Arroyo,177.8,182.88,170.0,Orthodox,1982-09-01
http://ufcstats.com/fighter-details/de75d1c45a39e221,Sergio Pettis,167.64,175.26,125.0,Orthodox,1993-08-18
http://ufcstats.com/fighter-details/de83f920fd302871,Tommy Gantt,180.34,193.04,155.0,Orthodox,1993-01-09
http://ufcstats.com/fighter-details/dea070ed4a2a8281,Thiago Santos,187.96,193.04,205.0,Orthodox,1984-01-07
http://ufcstats.com/fighter-details/dedc3bb440d09554,Anthony Macias,175.26,,185.0,Switch,1969-02-09
http://ufcstats.com/fighter-details/dee294e9717012c2,Malcolm Gordon,170.18,180.34,125.0,Switch,1990-05-19
http://ufcstats.com/fighter-details/def8166ff24bd237,Brian Ortega,172.72,175.26,155.0,Switch,1991-02-21
http://ufcstats.com/fighter-details/df05aa15b2d66f57,Chris Tuchscherer,187.96,193.04,258.0,Orthodox,1975-09-08
http://ufcstats.com/fighter-details/df1eb4354d18a906,Scott Holtzman,175.26,175.26,155.0,Orthodox,1983-09-30
http://ufcstats.com/fighter-details/df2bf09c99594848,Mario Miranda,190.5,187.96,185.0,Orthodox,1979-07-12
http://ufcstats.com/fighter-details/df2cf66d8c0123db,Noe Hernandez,,,,Orthodox,
http://ufcstats.com/fighter-details/df5a77121ba84a5d,Alex Stiebling,187.96,,205.0,Southpaw,1976-12-26
http://ufcstats.com/fighter-details/df619b9a86ce0a9a,Damien Anderson,172.72,175.26,145.0,Southpaw,1997-01-04
http://ufcstats.com/fighter-details/df85d6ec3493d120,Joe Moreira,180.34,,195.0,Southpaw,1961-07-03
http://ufcstats.com/fighter-details/dfae5da5676e4194,Chris Dempsey,177.8,182.88,185.0,Orthodox,1987-09-08
http://ufcstats.com/fighter-details/dfcadfcbd3a3f097,Milos Janicic,180.34,180.34,155.0,Orthodox,1997-05-03
http://ufcstats.com/fighter-details/e00a3dee329a51f7,Jamall Emmers,177.8,187.96,145.0,Orthodox,1989-07-24
http://ufcstats.com/fighter-details/e023fa2e648ea0f1,Steve Bosse,180.34,182.88,205.0,Orthodox,1981-07-29
http://ufcstats.com/fighter-details/e03187ec8b5b6abc,RJ Harris,190.5,198.12,258.0,Orthodox,1998-10-01
http://ufcstats.com/fighter-details/e047d3b541afd4a7,Tahir Abdullayev,172.72,185.42,170.0,Orthodox,1997-02-02
http://ufcstats.com/fighter-details/e0664abaa023fd6f,Ding Meng,187.96,185.42,170.0,Orthodox,1994-09-27
http://ufcstats.com/fighter-details/e06fd1260ac865a7,Yoji Anjo,180.34,,205.0,Orthodox,1967-03-28
http://ufcstats.com/fighter-details/e091482fa6648261,Assuerio Silva,177.8,,241.0,Orthodox,1974-06-18
http://ufcstats.com/fighter-details/e09dbbd5fe3f0fe2,Curtis Stout,185.42,,185.0,Southpaw,1973-11-07
http://ufcstats.com/fighter-details/e0b0cf71e0d69dd0,Kanako Murata,154.94,157.48,115.0,Orthodox,1993-08-10
http://ufcstats.com/fighter-details/e0b74df14f52cd15,Mike Brown,167.64,177.8,145.0,Orthodox,1975-09-08
http://ufcstats.com/fighter-details/e0c6edcb5b5d0b90,Chepe Mariscal,170.18,175.26,145.0,Orthodox,1992-10-27
http://ufcstats.com/fighter-details/e0d3d9b564f95635,Lucas Rocha,160.02,162.56,125.0,Orthodox,2000-08-12
http://ufcstats.com/fighter-details/e0ec3c3b6b611f7e,Hermes Franca,167.64,180.34,155.0,Orthodox,1974-08-26
http://ufcstats.com/fighter-details/e0f7c4f3f67bc808,Wes Sims,208.28,,260.0,Orthodox,1979-08-04
http://ufcstats.com/fighter-details/e0f959f65d0406b4,Isabela de Padua,160.02,162.56,125.0,Orthodox,1991-09-04
http://ufcstats.com/fighter-details/e1147d3d2dabe1ce,Robert Whittaker,182.88,185.42,205.0,Orthodox,1990-12-20
http://ufcstats.com/fighter-details/e1248941344b3288,Alexander Volkanovski,167.64,180.34,145.0,Orthodox,1988-09-29
http://ufcstats.com/fighter-details/e132d47bd9efbbe0,Rafa Garcia,170.18,177.8,155.0,Orthodox,1994-08-05
http://ufcstats.com/fighter-details/e13abac8089a801a,Justin Tafa,182.88,187.96,264.0,Southpaw,1993-12-13
http://ufcstats.com/fighter-details/e14b5aa06eea9653,Abel Trujillo,172.72,177.8,155.0,Orthodox,1983-09-18
http://ufcstats.com/fighter-details/e17ac6410c8377f4,Bartosz Fabinski,182.88,190.5,170.0,Orthodox,1986-04-26
http://ufcstats.com/fighter-details/e18a19001a3f7c7d,Alptekin Ozkilic,165.1,165.1,125.0,Orthodox,1986-03-27
http://ufcstats.com/fighter-details/e1d40e8782d80bc2,William Gomis,182.88,185.42,145.0,Southpaw,1997-06-13
http://ufcstats.com/fighter-details/e1f8beeb6d2d871a,Namsrai Batbayar,162.56,172.72,125.0,Orthodox,2000-12-29
http://ufcstats.com/fighter-details/e25bcbcdaf6537a1,Reza Madadi,180.34,185.42,155.0,Orthodox,1978-06-20
http://ufcstats.com/fighter-details/e26882820f9e8df5,Mike Lullo,172.72,,145.0,Orthodox,1979-07-24
http://ufcstats.com/fighter-details/e26bd53b751d61d9,Jordan Williams,185.42,190.5,185.0,Southpaw,1990-10-13
http://ufcstats.com/fighter-details/e2b8186b618b00c4,Shamar Bailey,175.26,190.5,155.0,Southpaw,1982-09-22
http://ufcstats.com/fighter-details/e2be0c1a9b886d92,MarQuel Mederos,177.8,175.26,155.0,Orthodox,1996-11-30
http://ufcstats.com/fighter-details/e2ccd9a9ace60de7,Aleksei Kunchenko,172.72,177.8,170.0,Orthodox,1984-05-02
http://ufcstats.com/fighter-details/e2f6b2769aaedd6c,Serghei Spivac,190.5,198.12,260.0,Orthodox,1995-01-24
http://ufcstats.com/fighter-details/e361e5c858af6ff1,Alex Karalexis,172.72,167.64,155.0,Orthodox,1977-09-20
http://ufcstats.com/fighter-details/e363b21261814830,Marcos Vinicius,175.26,,125.0,Orthodox,1979-12-05
http://ufcstats.com/fighter-details/e375cb5caf4717b6,Piera Rodriguez,160.02,160.02,115.0,Orthodox,1992-11-11
http://ufcstats.com/fighter-details/e3779ef06e98f185,Keith Berish,182.88,,205.0,Orthodox,1985-11-14
http://ufcstats.com/fighter-details/e3964ece586e0635,Jacqueline Cavalcanti,172.72,177.8,135.0,Orthodox,1997-08-29
http://ufcstats.com/fighter-details/e3b30b573e7f0d19,Adrian Luna Martinetti,172.72,180.34,135.0,Orthodox,1995-08-20
http://ufcstats.com/fighter-details/e4277e87a789d687,Dustin Jacoby,190.5,193.04,205.0,Orthodox,1988-04-04
http://ufcstats.com/fighter-details/e45cfa47f504033a,Jason Gonzalez,187.96,187.96,155.0,Southpaw,1990-02-28
http://ufcstats.com/fighter-details/e463ce0a2ca474f4,Ryan Gandra,185.42,187.96,185.0,Orthodox,1995-05-08
http://ufcstats.com/fighter-details/e4770d5ed44a3970,Brian Gassaway,185.42,,170.0,Orthodox,1972-08-07
http://ufcstats.com/fighter-details/e4a47b07044ddd72,Ignacio Bahamondes,190.5,190.5,155.0,Orthodox,1997-08-27
http://ufcstats.com/fighter-details/e4a9dbade7c7e1a7,Rolles Gracie,193.04,,242.0,Orthodox,1978-07-14
http://ufcstats.com/fighter-details/e4aaaa34535e32b6,Nick Denis,170.18,,135.0,Orthodox,1983-10-11
http://ufcstats.com/fighter-details/e4ba58725825412d,Dan Argueta,170.18,172.72,135.0,Southpaw,1993-08-13
http://ufcstats.com/fighter-details/e4bde462b043d3e1,Sanae Kikuta,175.26,,200.0,Orthodox,1971-09-10
http://ufcstats.com/fighter-details/e4d2564ea0e34e2b,Mehdi Baghdad,185.42,,155.0,Orthodox,1985-04-13
http://ufcstats.com/fighter-details/e4e0f310b3cf23a8,Alex Torres,177.8,,145.0,Orthodox,1988-05-29
http://ufcstats.com/fighter-details/e4faa79383c9f214,Ernesta Kareckaite,175.26,180.34,125.0,Orthodox,1998-07-05
http://ufcstats.com/fighter-details/e5010b1b94ca5755,Paul Felder,180.34,177.8,155.0,Orthodox,1984-04-25
http://ufcstats.com/fighter-details/e503aa5c252a1b4d,Dustin Neace,175.26,175.26,145.0,,1986-09-12
http://ufcstats.com/fighter-details/e50cd77732d39967,Aisling Daly,157.48,162.56,115.0,Orthodox,1987-12-24
http://ufcstats.com/fighter-details/e51e5cb722bd47a8,Patrick Cummins,187.96,193.04,205.0,Orthodox,1980-11-16
http://ufcstats.com/fighter-details/e51ee8ded927fc51,Chris de la Rocha,190.5,203.2,250.0,Orthodox,1979-05-15
http://ufcstats.com/fighter-details/e51fcd9cd84c0b93,Michel Prazeres,167.64,170.18,170.0,Orthodox,1981-07-25
http://ufcstats.com/fighter-details/e530df53922f413e,Luis Pajuelo,177.8,175.26,145.0,Orthodox,1994-12-18
http://ufcstats.com/fighter-details/e5549c82bfb5582d,Alex Pereira,193.04,200.66,205.0,Orthodox,1987-07-07
http://ufcstats.com/fighter-details/e564146b9cf6dbef,Felipe Franco,185.42,193.04,205.0,Orthodox,2001-01-22
http://ufcstats.com/fighter-details/e56cee1ad697db04,Steven Asplund,195.58,198.12,260.0,Orthodox,1998-07-16
http://ufcstats.com/fighter-details/e56daf7725a0b5ab,Justin Edwards,177.8,177.8,155.0,Orthodox,1983-01-26
http://ufcstats.com/fighter-details/e56df3c1d8b4b1cc,Homer Moore,177.8,,205.0,Orthodox,1971-11-27
http://ufcstats.com/fighter-details/e57fdbea1b828202,Jake Hecht,182.88,185.42,170.0,Orthodox,1984-02-09
http://ufcstats.com/fighter-details/e5864a42c80294f6,Josiah Harrell,170.18,172.72,170.0,Southpaw,1998-11-13
http://ufcstats.com/fighter-details/e5bda12faabfc850,Luis Henrique,187.96,187.96,243.0,Orthodox,1993-08-21
http://ufcstats.com/fighter-details/e5c38954c006f15c,Yuki Sasaki,187.96,,185.0,Orthodox,1976-09-12
http://ufcstats.com/fighter-details/e5c9de15bb58b1c6,Evan Dunham,177.8,177.8,155.0,Southpaw,1981-12-18
http://ufcstats.com/fighter-details/e5ca2bc2451a5956,Tina Lahdemaki,157.48,,115.0,Orthodox,1988-05-28
http://ufcstats.com/fighter-details/e5d03e4d966126bd,Jason High,172.72,185.42,155.0,Southpaw,1981-10-12
http://ufcstats.com/fighter-details/e5ecaf884b6da2bc,Chris Clements,177.8,177.8,170.0,Orthodox,1976-02-09
http://ufcstats.com/fighter-details/e6147d5ab3685899,Donny Walker,175.26,,135.0,,1980-01-04
http://ufcstats.com/fighter-details/e62b36885ecdac27,Allan Goes,182.88,,205.0,Orthodox,1971-04-20
http://ufcstats.com/fighter-details/e64b96c07d7ce999,Li Jingliang,182.88,180.34,170.0,Orthodox,1988-03-20
http://ufcstats.com/fighter-details/e6666480a830f764,YiSak Lee,182.88,182.88,185.0,Orthodox,2000-01-01
http://ufcstats.com/fighter-details/e6679e38e7fab7a8,Jamie Siraj,170.18,167.64,135.0,Orthodox,1994-06-28
http://ufcstats.com/fighter-details/e670f8cc2969a789,Sherman Pendergarst,185.42,,235.0,Orthodox,1967-08-01
http://ufcstats.com/fighter-details/e6c5908910cc26e4,Lavar Johnson,193.04,208.28,240.0,Orthodox,1977-06-11
http://ufcstats.com/fighter-details/e70de1859b7ee78e,Sultan Aliev,180.34,187.96,170.0,Orthodox,1984-09-17
http://ufcstats.com/fighter-details/e741536153227386,Sean Alvarez,182.88,,235.0,Orthodox,1971-07-14
http://ufcstats.com/fighter-details/e76d9f656ceb82ab,Aleksandra Albu,157.48,160.02,115.0,Orthodox,1990-07-14
http://ufcstats.com/fighter-details/e780ccc79a209985,John Dowdy,,,,,
http://ufcstats.com/fighter-details/e78f601035d677f2,Justin Wren,187.96,,265.0,Orthodox,1987-04-27
http://ufcstats.com/fighter-details/e7bba7ce4d6c7b07,Casey Kenney,170.18,172.72,135.0,Southpaw,1991-03-20
http://ufcstats.com/fighter-details/e7e01e266a9d4342,Ronnie Lawrence,172.72,172.72,135.0,Switch,1992-06-13
http://ufcstats.com/fighter-details/e7ec11096eac0282,Adrian Serrano,172.72,,170.0,,1963-12-23
http://ufcstats.com/fighter-details/e7f51d9f9e9259e7,Thomas Gifford,185.42,190.5,155.0,Orthodox,1992-07-26
http://ufcstats.com/fighter-details/e7fe5315b1efeb92,Guto Inocente,190.5,,205.0,Orthodox,1986-05-29
http://ufcstats.com/fighter-details/e803242fb2e41112,Islam Dulatov,190.5,190.5,170.0,Orthodox,1998-08-02
http://ufcstats.com/fighter-details/e81dd0bb8a64b550,Charlie Ward,180.34,,170.0,Orthodox,1980-12-17
http://ufcstats.com/fighter-details/e82d5f54daa85a7e,Joe Merritt,182.88,,170.0,Orthodox,1984-03-07
http://ufcstats.com/fighter-details/e86bc32f5997a8f7,Forrest Petz,175.26,180.34,170.0,Orthodox,1975-09-22
http://ufcstats.com/fighter-details/e872e9a9a902c045,Katlyn Cerminara,175.26,172.72,125.0,Orthodox,1988-12-28
http://ufcstats.com/fighter-details/e87a13e02c01331d,Ali AlQaisi,167.64,172.72,135.0,Orthodox,1990-09-23
http://ufcstats.com/fighter-details/e8b731feff72294b,Alexa Grasso,165.1,167.64,125.0,Orthodox,1993-08-09
http://ufcstats.com/fighter-details/e8c170a64dc920ac,Tulio Palhares,,,180.0,,
http://ufcstats.com/fighter-details/e8efeb9cf33b1941,Cesar Marscucci,,,,,
http://ufcstats.com/fighter-details/e8fb8e53bc2e29d6,Marcus Bossett,185.42,,215.0,Orthodox,
http://ufcstats.com/fighter-details/e8fe9c15d348e778,Daniel Barez,167.64,167.64,125.0,Orthodox,1988-12-10
http://ufcstats.com/fighter-details/e90a2f22417af68e,Azamat Murzakanov,177.8,180.34,205.0,Southpaw,1989-04-12
http://ufcstats.com/fighter-details/e9213f53ddeca978,Dhiego Lima,187.96,190.5,170.0,Orthodox,1989-01-31
http://ufcstats.com/fighter-details/e92901944ce91909,Askar Mozharov,190.5,187.96,205.0,Orthodox,1994-10-26
http://ufcstats.com/fighter-details/e93b04e308913c2e,Dooho Choi,177.8,177.8,145.0,Orthodox,1991-04-10
http://ufcstats.com/fighter-details/e94085e821bd81de,Sam Hughes,165.1,162.56,115.0,Orthodox,1992-06-28
http://ufcstats.com/fighter-details/e979c76341f19b22,Tom Duquesnoy,170.18,172.72,135.0,Orthodox,1993-06-21
http://ufcstats.com/fighter-details/e99821959a840bb8,Lara Procopio,162.56,170.18,125.0,Orthodox,1995-11-14
http://ufcstats.com/fighter-details/e99eb0ef25885de5,Mitch Ramirez,180.34,180.34,155.0,Orthodox,1992-11-03
http://ufcstats.com/fighter-details/e9a3aeb207578eea,Ilir Latifi,177.8,185.42,230.0,Orthodox,1982-07-28
http://ufcstats.com/fighter-details/e9ac7bfb65c25497,John Phillips,180.34,190.5,185.0,Southpaw,1985-06-09
http://ufcstats.com/fighter-details/e9bc5748e6a76bb6,Ashkan Mokhtarian,167.64,170.18,125.0,Southpaw,1985-09-15
http://ufcstats.com/fighter-details/e9e1acc96536bb4f,Ricardo Funch,177.8,187.96,170.0,Southpaw,1980-08-14
http://ufcstats.com/fighter-details/e9e7e1c8ff289e1b,Humberto Brown Morrison,177.8,,145.0,,1984-11-03
http://ufcstats.com/fighter-details/ea0ad155451ed1f5,Ray Wizard,,,,,
http://ufcstats.com/fighter-details/ea398c802d9998ee,Thomas Ramirez,185.42,,410.0,Sideways,
http://ufcstats.com/fighter-details/ea3dcc417c322064,Martin Day,177.8,185.42,145.0,Orthodox,1988-11-10
http://ufcstats.com/fighter-details/ea3ef6206c7907d5,Gideon Ray,177.8,,185.0,Southpaw,1973-05-27
http://ufcstats.com/fighter-details/ea7e5bc78d9de658,Makhmud Muradov,187.96,190.5,185.0,Orthodox,1990-02-08
http://ufcstats.com/fighter-details/eaa9402e5a7990ad,Braxton Smith,180.34,182.88,257.0,Orthodox,1990-01-01
http://ufcstats.com/fighter-details/eabece0edc2d62ca,Nina Milosevic,165.1,170.18,135.0,Orthodox,1996-08-08
http://ufcstats.com/fighter-details/eabf206b162b3b83,Paul Craig,190.5,193.04,205.0,Orthodox,1987-11-27
http://ufcstats.com/fighter-details/eae431e70064e046,Abdul Razak Alhassan,177.8,185.42,185.0,Orthodox,1985-08-11
http://ufcstats.com/fighter-details/eae48ff31db420c2,Arman Tsarukyan,170.18,182.88,155.0,Orthodox,1996-10-11
http://ufcstats.com/fighter-details/eae4aec1a5a8ff01,Tom Egan,180.34,,170.0,Orthodox,
http://ufcstats.com/fighter-details/eaea0fc7b76525a8,Mike Guymon,182.88,187.96,170.0,Orthodox,1974-09-17
http://ufcstats.com/fighter-details/eb04b9d31e938edb,Michelle Waterson-Gomez,160.02,157.48,115.0,Orthodox,1986-01-06
http://ufcstats.com/fighter-details/eb1723480fa2f96c,Caol Uno,170.18,177.8,155.0,Southpaw,1975-05-08
http://ufcstats.com/fighter-details/eb29176b03dfa888,Matt Wiman,177.8,172.72,155.0,Orthodox,1983-09-19
http://ufcstats.com/fighter-details/eb393afdbe3293d5,Ismael Bonfim,172.72,180.34,155.0,Orthodox,1995-12-28
http://ufcstats.com/fighter-details/eb70e786bbdf1d16,Yanis Ghemmouri,175.26,175.26,135.0,Orthodox,1995-01-24
http://ufcstats.com/fighter-details/eb8d8c2a95cfccb8,Victor Henry,170.18,172.72,135.0,Switch,1987-05-04
http://ufcstats.com/fighter-details/ebc1f40e00e0c481,Stefan Struve,210.82,213.36,265.0,Orthodox,1988-02-18
http://ufcstats.com/fighter-details/ebc5af72ad5a28cb,Nick Agallar,172.72,,155.0,Orthodox,1979-01-13
http://ufcstats.com/fighter-details/ebef46976554f975,Jordan Griffin,177.8,185.42,145.0,Southpaw,1990-02-28
http://ufcstats.com/fighter-details/ec0dcceace7d25a3,Liang Na,165.1,170.18,125.0,Orthodox,1996-07-27
http://ufcstats.com/fighter-details/ec13c393d029297d,Kaue Fernandes,175.26,185.42,155.0,Orthodox,1995-03-17
http://ufcstats.com/fighter-details/ec18eb918121787c,Kazula Vargas,172.72,180.34,155.0,Southpaw,1985-08-15
http://ufcstats.com/fighter-details/ec23c1be628d8057,Trevin Jones,170.18,177.8,135.0,Southpaw,1990-08-04
http://ufcstats.com/fighter-details/ec2d13a87d3d9541,Sheldon Westcott,185.42,180.34,170.0,Southpaw,1984-08-20
http://ufcstats.com/fighter-details/ec322adbabbfa6e7,Matthieu Duclos,190.5,193.04,185.0,Orthodox,1995-04-04
http://ufcstats.com/fighter-details/ec33146e43e58933,Xavier Foupa-Pokam,185.42,,185.0,Open Stance,1982-07-03
http://ufcstats.com/fighter-details/ec34349e7dffcde7,Claudia Gadelha,162.56,160.02,115.0,Orthodox,1988-12-07
http://ufcstats.com/fighter-details/ec3bd30378d63dd1,Hecher Sosa,175.26,177.8,135.0,Orthodox,1995-08-25
http://ufcstats.com/fighter-details/ec52462a1b41f714,Brett Johns,170.18,180.34,135.0,Orthodox,1992-02-21
http://ufcstats.com/fighter-details/ec664422b22d9787,Jenel Lausa,165.1,172.72,125.0,Orthodox,1988-08-01
http://ufcstats.com/fighter-details/ec71a892fada28c7,Marco Beltran,172.72,175.26,125.0,Orthodox,1986-05-18
http://ufcstats.com/fighter-details/ecdf14f4f8643d39,Byron Bloodworth,172.72,,135.0,Orthodox,1983-08-16
http://ufcstats.com/fighter-details/ece280745f8727b8,Kamal Shalorus,172.72,172.72,155.0,Orthodox,1972-08-27
http://ufcstats.com/fighter-details/ed209f6618c82e41,Hacran Dias,172.72,175.26,155.0,Orthodox,1984-06-16
http://ufcstats.com/fighter-details/ed2a8cc402173781,Vince Cachero,167.64,172.72,145.0,Orthodox,1989-11-07
http://ufcstats.com/fighter-details/ed73c85164a5f5a4,Paul Creighton,167.64,,155.0,Southpaw,1970-06-04
http://ufcstats.com/fighter-details/ed74afc8b5b47a61,William Macario,180.34,190.5,170.0,Orthodox,1991-07-01
http://ufcstats.com/fighter-details/ed7d329d7c29428d,Colby Thicknesse,170.18,175.26,135.0,Orthodox,1999-06-23
http://ufcstats.com/fighter-details/ed9d8ee3a4239b1c,Sage Northcutt,182.88,180.34,170.0,Orthodox,1996-03-01
http://ufcstats.com/fighter-details/edad57b3dddf2168,Jared Papazian,172.72,170.18,135.0,Southpaw,1988-02-01
http://ufcstats.com/fighter-details/edd02825c29028fe,Marco Polo Reyes,180.34,180.34,155.0,Orthodox,1984-11-07
http://ufcstats.com/fighter-details/edd8d5d8089a35f8,Frank Lester,180.34,,170.0,Orthodox,1984-06-10
http://ufcstats.com/fighter-details/ee18ff42063174df,Ottman Azaitar,172.72,180.34,155.0,Switch,1990-02-20
http://ufcstats.com/fighter-details/ee457ef1e1c326c1,Ben Earwood,172.72,,170.0,Orthodox,
http://ufcstats.com/fighter-details/ee4b670e159f4a33,Dorian Price,190.5,,170.0,Southpaw,1977-08-20
http://ufcstats.com/fighter-details/ee5df903f80c6816,Eldo Xavier Dias,180.34,,180.0,,1964-07-16
http://ufcstats.com/fighter-details/ee624ee2a18f2a43,Jorge Lopez,177.8,,170.0,Orthodox,1988-11-21
http://ufcstats.com/fighter-details/ee779c43a8926d52,Rashad Evans,182.88,190.5,205.0,Orthodox,1979-09-25
http://ufcstats.com/fighter-details/ee9d73f4fee9cbdd,Antonio Rodrigo Nogueira,190.5,195.58,240.0,Orthodox,1976-06-02
http://ufcstats.com/fighter-details/ee9ebceabfd16fa7,Kevin Lee,175.26,195.58,170.0,Orthodox,1992-09-04
http://ufcstats.com/fighter-details/eea0274e153256a0,Ian Loveland,172.72,,145.0,Orthodox,1983-09-07
http://ufcstats.com/fighter-details/eeabcd4dc6619129,Daniel Jolly,185.42,190.5,205.0,Orthodox,1984-09-03
http://ufcstats.com/fighter-details/eebc23626e38f5dc,Liana Jojua,162.56,157.48,125.0,Orthodox,1995-03-22
http://ufcstats.com/fighter-details/eee0ef3e2b14816b,Kai Kamaka III,170.18,175.26,145.0,Orthodox,1995-01-05
http://ufcstats.com/fighter-details/eee7dafac7d672b5,Brian Melancon,172.72,,170.0,Orthodox,1982-05-28
http://ufcstats.com/fighter-details/eef9b891edbd4604,Mark Hunt,177.8,182.88,265.0,Orthodox,1974-03-23
http://ufcstats.com/fighter-details/ef1182eb28c17d4e,Mark Striegl,172.72,177.8,145.0,Southpaw,1988-06-23
http://ufcstats.com/fighter-details/ef44e4ea9050f2ea,Te Edwards,172.72,182.88,155.0,Orthodox,1990-09-11
http://ufcstats.com/fighter-details/ef5dcb10d2bd4b0f,Bogdan Guskov,190.5,193.04,205.0,Orthodox,1992-09-12
http://ufcstats.com/fighter-details/ef7fa30364cbe7f2,Hatsu Hioki,180.34,185.42,145.0,Orthodox,1983-07-18
http://ufcstats.com/fighter-details/efa1f6b42c86793c,Adam Wieczorek,195.58,205.74,250.0,Orthodox,1992-02-05
http://ufcstats.com/fighter-details/efaf544314bb5c2e,Ron Waterman,187.96,,280.0,Orthodox,1965-11-23
http://ufcstats.com/fighter-details/efb96bf3e9ada36f,Song Yadong,172.72,170.18,135.0,Orthodox,1997-12-02
http://ufcstats.com/fighter-details/efb9a43415a56d34,Sai Wang,182.88,,170.0,Southpaw,1986-01-14
http://ufcstats.com/fighter-details/efc67b07eed39794,Istela Nunes,162.56,167.64,115.0,Orthodox,1992-07-23
http://ufcstats.com/fighter-details/efd2b3e9bb7965a4,Bharat Kandare,170.18,182.88,135.0,Orthodox,1987-06-20
http://ufcstats.com/fighter-details/eff47295daf721a6,Tamdan McCrory,193.04,193.04,185.0,Switch,1986-11-05
http://ufcstats.com/fighter-details/eff9074bc066f0f2,Bia Mesquita,162.56,170.18,135.0,Orthodox,1991-04-07
http://ufcstats.com/fighter-details/effd9de9937996f8,Tyron Woodley,175.26,187.96,170.0,Orthodox,1982-04-07
http://ufcstats.com/fighter-details/f00ac08ab056af5d,Tagir Ulanbekov,170.18,177.8,125.0,Southpaw,1991-08-07
http://ufcstats.com/fighter-details/f0264252e191da22,Jason Thacker,177.8,,185.0,Orthodox,1975-08-18
http://ufcstats.com/fighter-details/f046d724d2a84ac5,Desmond Green,177.8,185.42,155.0,Southpaw,1989-10-11
http://ufcstats.com/fighter-details/f0abbb6f3444dae7,Paul Buentello,187.96,195.58,245.0,Orthodox,1974-01-16
http://ufcstats.com/fighter-details/f0fad0e9f3b65752,Jamey Simmons,167.64,177.8,135.0,Orthodox,1992-09-11
http://ufcstats.com/fighter-details/f0feeb2192937424,Angela Hill,160.02,162.56,115.0,Orthodox,1985-01-12
http://ufcstats.com/fighter-details/f1175ea3aafbf351,Hu Yaozong,190.5,182.88,185.0,Orthodox,1995-04-07
http://ufcstats.com/fighter-details/f12f979b657ab876,Dan Barrera,175.26,,170.0,Orthodox,1980-12-23
http://ufcstats.com/fighter-details/f139d6836efd43dd,Yaroslav Amosov,182.88,190.5,170.0,Orthodox,1993-09-09
http://ufcstats.com/fighter-details/f14cf73e51b29254,Sergei Pavlovich,190.5,213.36,257.0,Southpaw,1992-05-13
http://ufcstats.com/fighter-details/f14f644d41ade29f,Cody Brundage,182.88,182.88,185.0,Orthodox,1994-05-16
http://ufcstats.com/fighter-details/f166e93d04a8c274,Diego Lopes,180.34,182.88,145.0,Orthodox,1994-12-30
http://ufcstats.com/fighter-details/f1928a52590c5532,Curtis Millender,187.96,193.04,170.0,Orthodox,1987-12-01
http://ufcstats.com/fighter-details/f1ab6f37492c630a,Carli Judice,170.18,172.72,125.0,Southpaw,1999-03-02
http://ufcstats.com/fighter-details/f1b2a4365799c48b,Christian Wellisch,187.96,195.58,234.0,Orthodox,1975-09-13
http://ufcstats.com/fighter-details/f1b2aa7853d1ed6e,Kamaru Usman,182.88,193.04,185.0,Switch,1987-05-11
http://ufcstats.com/fighter-details/f1d64ae34e088832,Charles Jourdain,175.26,175.26,135.0,Switch,1995-11-27
http://ufcstats.com/fighter-details/f1f37d667bcd0d27,Willamy Freire,172.72,,155.0,Orthodox,1987-07-28
http://ufcstats.com/fighter-details/f1f9e48a0d150757,Steve Cantwell,187.96,190.5,185.0,Orthodox,1986-12-08
http://ufcstats.com/fighter-details/f1fac969a1d70b08,Leon Edwards,187.96,187.96,170.0,Southpaw,1991-08-25
http://ufcstats.com/fighter-details/f201f21cf2c79eb2,Sebastian Szalay,167.64,167.64,145.0,Orthodox,1994-02-03
http://ufcstats.com/fighter-details/f215cfbd4ba3c270,Garreth McLellan,185.42,182.88,185.0,Southpaw,1982-09-01
http://ufcstats.com/fighter-details/f2477cf43c4975cc,Jonathan Martinez,172.72,177.8,135.0,Southpaw,1994-04-20
http://ufcstats.com/fighter-details/f264ba50b007f39e,Victor Hugo,170.18,180.34,135.0,Orthodox,1992-11-22
http://ufcstats.com/fighter-details/f2688492b9a525a3,Frankie Edgar,167.64,172.72,135.0,Orthodox,1981-10-16
http://ufcstats.com/fighter-details/f2900678e98f6d6a,Ronaldo Rodriguez,167.64,165.1,125.0,Orthodox,1999-05-07
http://ufcstats.com/fighter-details/f2925e6db404bf1d,Robbie Lawler,180.34,187.96,170.0,Southpaw,1982-03-20
http://ufcstats.com/fighter-details/f29a6350c69f4a33,Miranda Maverick,160.02,165.1,125.0,Southpaw,1997-07-01
http://ufcstats.com/fighter-details/f2ad06f1007c481a,Alan Omer,177.8,,145.0,Orthodox,1988-09-14
http://ufcstats.com/fighter-details/f2b3f4ef3f780168,Nora Cornolle,170.18,170.18,135.0,Orthodox,1989-12-06
http://ufcstats.com/fighter-details/f2b6fdb20675b11c,Mike Perry,177.8,180.34,170.0,Orthodox,1991-09-15
http://ufcstats.com/fighter-details/f2c8ebbeafd45f2b,Aaron Riley,172.72,175.26,155.0,Southpaw,1980-12-09
http://ufcstats.com/fighter-details/f2f140ce7532e327,Gabriel Santos,175.26,177.8,145.0,Orthodox,1996-11-28
http://ufcstats.com/fighter-details/f300763147320d12,Liliya Shakirova,162.56,165.1,125.0,Orthodox,1991-10-24
http://ufcstats.com/fighter-details/f3388d2cf7ab3f64,Rob MacDonald,190.5,198.12,205.0,Orthodox,1978-09-05
http://ufcstats.com/fighter-details/f341f9551ba744e2,Paul Jones,175.26,,199.0,Orthodox,1963-06-16
http://ufcstats.com/fighter-details/f34312c2ccfa0e00,Spencer Fisher,170.18,172.72,155.0,Southpaw,1976-05-09
http://ufcstats.com/fighter-details/f348d05403fad037,Dan Bobish,187.96,,345.0,Southpaw,1970-01-26
http://ufcstats.com/fighter-details/f3a078277b3b8ff4,Masanori Kanehara,170.18,170.18,135.0,Orthodox,1982-11-19
http://ufcstats.com/fighter-details/f3a853544e4413c4,Anthony Lapsley,175.26,,170.0,Southpaw,1980-02-13
http://ufcstats.com/fighter-details/f3ca6908f78efebe,Terrence Mitchell,177.8,187.96,135.0,Orthodox,1989-12-30
http://ufcstats.com/fighter-details/f40ec51dd4de47c3,Jonavin Webb,177.8,,170.0,Orthodox,1989-04-28
http://ufcstats.com/fighter-details/f41b9f5efc7162d6,Jamal Pogues,190.5,195.58,205.0,Orthodox,1995-12-01
http://ufcstats.com/fighter-details/f4c49976c75c5ab2,Conor McGregor,175.26,187.96,155.0,Southpaw,1988-07-14
http://ufcstats.com/fighter-details/f4d92416da98804b,Bassil Hafez,180.34,182.88,170.0,Orthodox,1992-01-31
http://ufcstats.com/fighter-details/f50d95223751e6ca,Russell Doane,170.18,177.8,135.0,Orthodox,1986-08-13
http://ufcstats.com/fighter-details/f53c1f4ceeed8c08,Dustin Ortiz,165.1,165.1,125.0,Orthodox,1988-12-25
http://ufcstats.com/fighter-details/f53d4f21d1b5f2dc,Diego Ferreira,175.26,187.96,155.0,Orthodox,1985-01-18
http://ufcstats.com/fighter-details/f5431394fb284bb9,James Te Huna,187.96,190.5,185.0,Orthodox,1981-09-29
http://ufcstats.com/fighter-details/f5779a2303ed76ec,Valter Walker,198.12,198.12,244.0,Orthodox,1997-12-14
http://ufcstats.com/fighter-details/f57a8a52ca401ed9,Nick Diaz,185.42,193.04,170.0,Southpaw,1983-08-02
http://ufcstats.com/fighter-details/f57dd0bfa8c17813,Mark De La Rosa,167.64,165.1,135.0,Orthodox,1994-08-31
http://ufcstats.com/fighter-details/f5990c11974d8e9c,Mike Pyle,182.88,187.96,170.0,Orthodox,1975-09-18
http://ufcstats.com/fighter-details/f59e9e49ef85b469,Jason Young,175.26,185.42,145.0,Orthodox,1986-06-28
http://ufcstats.com/fighter-details/f59f1d3a2ff13edd,Eric Schafer,190.5,193.04,185.0,Orthodox,1977-09-20
http://ufcstats.com/fighter-details/f5d82eccdea4e2dd,Christian Edwards,195.58,198.12,205.0,Southpaw,1998-11-05
http://ufcstats.com/fighter-details/f5f6419c5f00abad,Tyler Diamond,170.18,175.26,145.0,Orthodox,1991-03-18
http://ufcstats.com/fighter-details/f5ff7bcdcfeba3ad,Trevor Prangley,185.42,190.5,185.0,Orthodox,1972-08-24
http://ufcstats.com/fighter-details/f626118b6da0e020,Bryan Battle,185.42,195.58,185.0,Orthodox,1994-09-21
http://ufcstats.com/fighter-details/f62850b3c7480db9,Keith Mielke,172.72,,185.0,,
http://ufcstats.com/fighter-details/f65dcb22dada2223,Josh Sampo,162.56,162.56,125.0,Orthodox,1984-07-24
http://ufcstats.com/fighter-details/f6ad6a1e4d600e0d,Mason Jones,177.8,187.96,155.0,Orthodox,1995-04-26
http://ufcstats.com/fighter-details/f6bcbd91b114ff58,Johnny Munoz,175.26,180.34,135.0,Orthodox,1993-02-16
http://ufcstats.com/fighter-details/f6e5972c9d16c40e,Victor Rodriguez,165.1,170.18,125.0,Switch,1992-09-05
http://ufcstats.com/fighter-details/f70144caea5c4c80,Eugenio Tadeu,172.72,,160.0,Orthodox,1963-08-17
http://ufcstats.com/fighter-details/f703250471acaf96,Harry Hunsucker,187.96,190.5,205.0,Orthodox,1989-01-03
http://ufcstats.com/fighter-details/f717b6002486f73f,Marcus Silveira,190.5,,242.0,Orthodox,1964-12-09
http://ufcstats.com/fighter-details/f72465a784c1b084,Jessica Eye,167.64,167.64,125.0,Orthodox,1986-07-27
http://ufcstats.com/fighter-details/f7467152fd9f18a2,Taila Santos,167.64,172.72,125.0,Orthodox,1993-06-22
http://ufcstats.com/fighter-details/f748267c4ab6c127,Rhys McKee,187.96,198.12,170.0,Orthodox,1995-09-10
http://ufcstats.com/fighter-details/f74e037b97917027,James Giboo,180.34,,170.0,Orthodox,1978-01-06
http://ufcstats.com/fighter-details/f75c5ca0d91b9115,Richie Smullen,175.26,172.72,155.0,Orthodox,1991-08-17
http://ufcstats.com/fighter-details/f77c68bb4be8516d,Yoel Romero,182.88,185.42,185.0,Southpaw,1977-04-30
http://ufcstats.com/fighter-details/f782f953bfe7b5f2,Jonathan Micallef,182.88,195.58,170.0,Southpaw,1999-03-05
http://ufcstats.com/fighter-details/f797f0c57a83353e,Trevor Smith,190.5,190.5,185.0,Orthodox,1981-01-05
http://ufcstats.com/fighter-details/f7a7f7118d4b01b6,Lyoto Machida,185.42,187.96,185.0,Southpaw,1978-05-30
http://ufcstats.com/fighter-details/f7adc1fd115f8fdd,Abubakar Vagaev,180.34,185.42,170.0,Orthodox,1993-04-14
http://ufcstats.com/fighter-details/f7be1db194e03d7e,Pedro Falcao,167.64,167.64,135.0,Orthodox,1992-07-30
http://ufcstats.com/fighter-details/f7d73e452b064bf2,Danny Henry,182.88,185.42,145.0,Orthodox,1988-07-17
http://ufcstats.com/fighter-details/f7e856a73c96048e,Gable Steveson,180.34,187.96,249.0,Orthodox,2000-05-31
http://ufcstats.com/fighter-details/f86cb5f25d545e0e,Daniel Spitz,200.66,208.28,245.0,Orthodox,1990-07-31
http://ufcstats.com/fighter-details/f8dc544e7077d014,Jorge Santiago,185.42,190.5,170.0,Orthodox,1980-10-09
http://ufcstats.com/fighter-details/f8f1ec513bcfef43,Alexander Munoz,175.26,182.88,155.0,Switch,1990-02-27
http://ufcstats.com/fighter-details/f8fe2053d73d7bcf,Nick Catone,182.88,182.88,185.0,Southpaw,1981-09-01
http://ufcstats.com/fighter-details/f9081770e28ea2e1,Reginaldo Vieira,170.18,165.1,135.0,Orthodox,1982-11-26
http://ufcstats.com/fighter-details/f923e012414c883e,Lauren Mueller,165.1,170.18,125.0,Orthodox,1991-11-15
http://ufcstats.com/fighter-details/f95381efb3051d81,Hugo Viana,167.64,170.18,135.0,Orthodox,1982-09-26
http://ufcstats.com/fighter-details/f96856f9d69fd7e4,Robert Bryczek,182.88,190.5,185.0,Orthodox,1990-07-04
http://ufcstats.com/fighter-details/f97c5433c77522d3,Nohelin Hernandez,177.8,180.34,135.0,Orthodox,1994-03-01
http://ufcstats.com/fighter-details/f998f5c102250d6e,Yohan Lainesse,185.42,193.04,170.0,Orthodox,1992-08-14
http://ufcstats.com/fighter-details/f9a20a17d712ef7c,Cole Williams,182.88,185.42,170.0,Orthodox,1983-12-15
http://ufcstats.com/fighter-details/f9ab66e67240db7b,Joselyne Edwards,172.72,177.8,135.0,Orthodox,1995-09-29
http://ufcstats.com/fighter-details/f9ae6914f604aa9f,Rin Nakai,154.94,,135.0,Orthodox,1986-10-22
http://ufcstats.com/fighter-details/f9b200db02b488d9,Lando Vannata,175.26,180.34,155.0,Orthodox,1992-03-14
http://ufcstats.com/fighter-details/f9d0cae37dabfafc,Ike Villanueva,185.42,185.42,205.0,Orthodox,1984-04-04
http://ufcstats.com/fighter-details/f9f07bb5a43535ed,Carlos Condit,187.96,190.5,170.0,Orthodox,1984-04-26
http://ufcstats.com/fighter-details/fa07345cc9db5cc9,Billy Ray Goff,177.8,182.88,170.0,Switch,1998-06-18
http://ufcstats.com/fighter-details/fa315e6c77eee106,Brandon Vera,190.5,198.12,230.0,Orthodox,1977-10-10
http://ufcstats.com/fighter-details/fa37628269132d1a,Godofredo Pepey,170.18,185.42,145.0,Orthodox,1987-07-02
http://ufcstats.com/fighter-details/fa6796c55d6c5440,Curtis Blaydes,193.04,203.2,265.0,Orthodox,1991-02-18
http://ufcstats.com/fighter-details/fa8b9e6b0c2269f8,Jason Dent,177.8,180.34,155.0,Orthodox,1980-06-12
http://ufcstats.com/fighter-details/fae67903c4fe636b,Antonio Braga Neto,190.5,195.58,185.0,Orthodox,1987-10-29
http://ufcstats.com/fighter-details/faf317c665546a36,Santiago Luna,175.26,187.96,135.0,Orthodox,2004-08-06
http://ufcstats.com/fighter-details/fb1538b46877a695,Jonathan Goulet,182.88,185.42,170.0,Orthodox,1979-07-13
http://ufcstats.com/fighter-details/fb37795db81f93f3,Bogdan Grad,172.72,177.8,145.0,Orthodox,1995-09-28
http://ufcstats.com/fighter-details/fb3e61720be4690c,Mike Davis,182.88,182.88,155.0,Orthodox,1992-10-07
http://ufcstats.com/fighter-details/fb41432b622992a9,Lukasz Sajewski,172.72,180.34,155.0,Orthodox,1990-11-27
http://ufcstats.com/fighter-details/fb79582c410d049e,Wagner Silva,182.88,,170.0,Orthodox,1987-02-07
http://ufcstats.com/fighter-details/fb8a3025ae722e64,Bobby Voelker,182.88,187.96,170.0,Orthodox,1979-04-26
http://ufcstats.com/fighter-details/fba03cd6cc28dc41,Josh Emmett,167.64,177.8,145.0,Orthodox,1985-03-04
http://ufcstats.com/fighter-details/fbb60f24af5d5a02,Torrez Finney,172.72,190.5,185.0,Orthodox,1998-10-24
http://ufcstats.com/fighter-details/fbbde91f7bc2d3c5,Gary Goodridge,190.5,,249.0,Orthodox,1966-01-17
http://ufcstats.com/fighter-details/fbf0537e420e698e,Daniel Teymur,165.1,175.26,145.0,Orthodox,1988-02-03
http://ufcstats.com/fighter-details/fbf0947399d14323,Ken Stone,172.72,180.34,135.0,Southpaw,1982-10-08
http://ufcstats.com/fighter-details/fc08099550072fe4,Waldo Cortes Acosta,193.04,198.12,260.0,Orthodox,1991-10-03
http://ufcstats.com/fighter-details/fc0a4053eb8a3a59,Nicolle Caliari,160.02,157.48,115.0,Orthodox,1996-11-04
http://ufcstats.com/fighter-details/fc169c387b4b465d,Raquel Pennington,170.18,170.18,135.0,Orthodox,1988-09-05
http://ufcstats.com/fighter-details/fc31f896cde2bc2e,John Howard,170.18,182.88,170.0,Orthodox,1983-03-01
http://ufcstats.com/fighter-details/fc60ecf0671b9489,Chris Holdsworth,180.34,,135.0,,1987-10-24
http://ufcstats.com/fighter-details/fc6e681bf6658faf,Ashlee Evans-Smith,172.72,170.18,135.0,Orthodox,1987-07-09
http://ufcstats.com/fighter-details/fc9a9559a05f2704,Eddie Wineland,170.18,175.26,135.0,Orthodox,1984-06-26
http://ufcstats.com/fighter-details/fcaae0385b514f11,Frank Shamrock,177.8,,185.0,Orthodox,1972-12-08
http://ufcstats.com/fighter-details/fcce75a25c14a804,Bojan Velickovic,182.88,193.04,170.0,Southpaw,1988-12-18
http://ufcstats.com/fighter-details/fccf811c1e8b01c7,Andrew Sanchez,185.42,187.96,185.0,Orthodox,1988-04-08
http://ufcstats.com/fighter-details/fcd448a2fe1a23cc,Gian Villante,190.5,193.04,230.0,Orthodox,1985-08-18
http://ufcstats.com/fighter-details/fcffee71cff5530e,Forrest Griffin,190.5,195.58,205.0,Orthodox,1979-03-16
http://ufcstats.com/fighter-details/fd406a32a6fb3a29,Chris Duncan,177.8,180.34,155.0,Orthodox,1993-05-10
http://ufcstats.com/fighter-details/fd55393021a8c255,Gunnar Nelson,180.34,182.88,170.0,Switch,1988-07-28
http://ufcstats.com/fighter-details/fd5b6598a3b70c0a,Seth Baczynski,190.5,190.5,170.0,Orthodox,1981-10-26
http://ufcstats.com/fighter-details/fd7ab338e4953644,Manolo Zecchini,172.72,172.72,145.0,Orthodox,1996-10-22
http://ufcstats.com/fighter-details/fd87b1bbfcde9d5e,Danillo Villefort,185.42,,185.0,Orthodox,1983-05-08
http://ufcstats.com/fighter-details/fdbefee0827e1567,Wu Yanan,172.72,167.64,135.0,Orthodox,1996-04-18
http://ufcstats.com/fighter-details/fdd22e895a70e4a8,Damian Pinas,185.42,200.66,185.0,Orthodox,2002-03-12
http://ufcstats.com/fighter-details/fdf18227faa596dd,Chad Griggs,185.42,185.42,205.0,Orthodox,1978-05-15
http://ufcstats.com/fighter-details/fdfef29ba17ee525,Alex Schoenauer,190.5,,185.0,Orthodox,1976-05-05
http://ufcstats.com/fighter-details/fe2babf95de24fb1,Raul Rosas Jr.,175.26,170.18,135.0,Switch,2004-10-08
http://ufcstats.com/fighter-details/fe435e440b5de0ff,Jake Shields,182.88,182.88,170.0,Orthodox,1979-01-09
http://ufcstats.com/fighter-details/fe5a9547479396ab,Jim Alers,175.26,180.34,145.0,Orthodox,1986-10-14
http://ufcstats.com/fighter-details/fe5ca7ef93c3f6a7,Roger Zapata,180.34,,170.0,Southpaw,1986-05-09
http://ufcstats.com/fighter-details/fe91d254db77a7fc,Dustin Kimura,170.18,180.34,135.0,Orthodox,1989-05-21
http://ufcstats.com/fighter-details/fea79f9bc8c68769,Marlon Moraes,167.64,170.18,135.0,Orthodox,1988-04-26
http://ufcstats.com/fighter-details/fea8acf9bfcf09ec,Simeon Thoresen,185.42,200.66,170.0,Orthodox,1984-03-14
http://ufcstats.com/fighter-details/feaf00f3373435d6,Chris Gruetzemacher,172.72,172.72,155.0,Orthodox,1986-06-16
http://ufcstats.com/fighter-details/feedf3053472fe56,Charles Radtke,175.26,182.88,170.0,Orthodox,1990-07-09
http://ufcstats.com/fighter-details/feef5f8f5629e5e7,Theodor Berggren,180.34,190.5,170.0,Switch,2000-04-09
http://ufcstats.com/fighter-details/fef3d17e27e916e7,Antonio Carvalho,175.26,177.8,145.0,Orthodox,1979-05-30
http://ufcstats.com/fighter-details/ff2c606c8bc365e3,Josh Rafferty,182.88,,170.0,Orthodox,1981-01-06
http://ufcstats.com/fighter-details/ff4c3ab594c7fac3,Cristiano Marcello,175.26,182.88,155.0,Orthodox,1977-12-03
http://ufcstats.com/fighter-details/ff62013d2fce6d13,Nazim Sadykhov,177.8,175.26,155.0,Southpaw,1994-05-16
http://ufcstats.com/fighter-details/ff6a1f63c254127e,Albert Tumenov,180.34,185.42,170.0,Orthodox,1991-12-26
http://ufcstats.com/fighter-details/ffc088e64fab57e9,Quinton Jackson,185.42,185.42,205.0,Orthodox,1978-06-20
http://ufcstats.com/fighter-details/ffc3e6daaa6da0b7,Johnny Bedford,177.8,180.34,135.0,Orthodox,1983-01-06
http://ufcstats.com/fighter-details/ffd3224638c01b57,Jean Matsumoto,167.64,172.72,135.0,Orthodox,1999-09-09
http://ufcstats.com/fighter-details/ffdeb4fbea09ce75,Jessica Rakoczy,170.18,,115.0,Orthodox,1977-04-14
http://ufcstats.com/fighter-details/ffe9703408fb5964,David Onama,180.34,187.96,145.0,Orthodox,1994-06-07
